rank,name,score,domain,n_docs,birth_year,growth,sparkline,china_share_recent,layers
1,"carbon, ccs, energy, storage, ccus, carbon neutrality",3.04,CCUS и метановые утечки,63,2017,-0.56,▁▁▂▁▂▁▄█▁▂▁▂,0.13,"подтема без предшественников, рождение кластера, тема"
2,maritime,2.71,СПГ и газохимия,228,2016,1.44,▁▁▁▁▁▂▂▃▄▆▇█,0.09,"всплеск термина, рождение кластера, тема"
3,sustainable aviation,2.46,СПГ и газохимия,112,2020,1.68,▁▁▁▁▁▁▁▃▃▃▅█,0.06,"всплеск термина, тема"
4,hydrogen pipelines,2.38,Водород и пиролиз метана,341,2016,2.04,▁▁▁▁▁▁▁▂▃▄▆█,0.24,"всплеск термина, тема"
5,"adsorption, dac, adsorbents, capture, air capture, direct air",2.13,CCUS и метановые утечки,75,2022,1.85,▁▁▁▁▁▁▁▂▆███,0.22,"рождение кластера, тема"
6,hydrogen-blended,2.07,Водород и пиролиз метана,245,2021,3.24,▁▁▁▁▁▁▁▁▂▃▆█,0.71,"всплеск термина, рождение кластера"
7,"hydrogen, green, green hydrogen, blue, energy, production",2.04,Водород и пиролиз метана,104,2020,1.42,▁▁▁▁▁▂▃▄▆▆▇█,0.05,"подтема без предшественников, тема"
8,liquid organic,2.02,Водород и пиролиз метана,121,2020,1.39,▁▁▁▁▁▂▂▂▄▆█▆,0.07,"всплеск термина, тема"
9,"carbonation, mgo, cao, air, ca, removal",1.95,CCUS и метановые утечки,75,2019,1.01,▁▁▁▁▂▂▂▃▄▅▅█,0.06,"рождение кластера, тема"
10,net-zero emissions,1.93,CCUS и метановые утечки,133,2021,2.28,▁▁▁▁▁▁▁▂▄▅█▆,0.07,"всплеск термина, рождение кластера"
11,"swing, air capture, direct air, direct, air, capture",1.92,CCUS и метановые утечки,92,2019,1.24,▁▁▁▁▁▁▁▂▂▃▄█,0.45,"рождение кластера, тема"
12,ammonia oxidation reaction,1.9,Водород и пиролиз метана,152,2017,0.89,▁▁▁▁▁▂▃▃▅▄▇█,0.28,"всплеск термина, тема"
13,"laccase, methyl, gene, activity, pathway, growth",1.88,СПГ и газохимия,65,2016,0.8,▂▅▂▅▂▄▁▄█▅▄▄,0.17,"подтема без предшественников, тема"
14,"ni, catalyst, carbon, pyrolysis, methane pyrolysis, methane",1.81,Водород и пиролиз метана,84,2016,1.59,▁▁▁▁▁▁▁▁▂▂██,0.14,"подтема без предшественников, тема"
15,"hydrogen, hydrogen production, production, economic, techno, techno economic",1.77,Водород и пиролиз метана,122,2021,1.61,▁▁▁▁▁▁▃▅█▇██,0.07,"подтема без предшественников, тема"
16,"pyrolysis, water, hydrogen, waste, biomass, metals",1.71,Водород и пиролиз метана,131,2015,0.93,▂▄▁▁▂▂▃▆▅▆█▇,0.1,"подтема без предшественников, тема"
17,"plasma, clusters, n2, ammonia, nh3, nitrogen",1.66,Водород и пиролиз метана,49,2020,1.44,▁▁▁▁▁▃▁▂▇▆█▄,0.37,"рождение кластера, тема"
18,digital twin,1.63,Трубопроводы,98,2020,1.21,▁▁▁▁▁▁▁▁▁▂▄█,0.21,"всплеск термина, тема"
19,"corrosion, mercury, coating, coatings, gas, mixtures",1.6,Трубопроводы,162,2015,0.5,▄▂▂▃▄▃▄▃▄▆██,0.3,"подтема без предшественников, тема"
20,"flame, combustion, ammonia, nh3, nox, laminar",1.58,Водород и пиролиз метана,192,2017,1.53,▁▁▁▁▁▁▂▃▅▅▇█,0.31,"подтема без предшественников, тема"
21,"methanation, conversion, capture, dual function, dfms, ru",1.56,CCUS и метановые утечки,67,2018,1.32,▁▁▁▂▁▂▃▃▄▅█▆,0.2,"рождение кластера, тема"
22,"noble, anchor, min, rescue, mofs, materials",1.54,CCUS и метановые утечки,261,2015,1.15,▁▂▁▁▂▂▂▂▃▆▇█,0.23,"подтема без предшественников, тема"
23,solid amine,1.52,CCUS и метановые утечки,243,2015,1.61,▁▁▁▁▁▂▂▂▆██▇,0.22,"всплеск термина, тема"
24,"catalyst, component, support, synthesis gas, said, composition",1.46,СПГ и газохимия,166,2015,0.38,▄▄▄▅▃▆▅▄█▄▆▃,0.11,"подтема без предшественников, тема"
25,"decomposition, ammonia, ammonia decomposition, catalysts, ru, catalyst",1.43,Водород и пиролиз метана,179,2016,1.54,▁▁▁▁▁▁▁▂▄▅▅█,0.4,"подтема без предшественников, тема"
26,"light, nh, graphene, ammonia, photocatalytic, selective",1.36,Водород и пиролиз метана,93,2018,0.63,▁▁▁▂▂▂▅▅▄▇▅█,0.35,"подтема без предшественников, тема"
27,"air capture, direct air, direct, capture, air, potassium",1.33,CCUS и метановые утечки,202,2015,1.3,▁▁▂▁▂▁▃▄▄█▇█,0.09,"подтема без предшественников, тема"
28,"adsorption, tvsa, swing adsorption, vacuum, swing, air",1.25,CCUS и метановые утечки,45,2020,0.69,▁▁▁▁▁▃▂▃▃▃▄█,0.07,"рождение кластера, тема"
29,"ammonia, ammonia production, energy, production, green, green ammonia",1.22,Водород и пиролиз метана,236,2015,1.11,▁▁▁▁▁▂▃▃▅▆██,0.15,"подтема без предшественников, тема"
30,"corrosion, srb, mic, bacteria, microbial, microbiologically",1.17,Трубопроводы,69,2015,0.13,▂▂▂▂▄▁▅▂▃▃▄█,0.56,"рождение кластера, тема"
31,"sofc, fuel, ammonia, sofcs, solid oxide, oxide fuel",1.12,Водород и пиролиз метана,62,2018,0.63,▁▁▁▂▃▃▂▃▂▄██,0.21,"рождение кластера, тема"
32,"das, fiber, sensing, distributed, acoustic, optic",1.07,Трубопроводы,172,2015,1.48,▁▁▁▁▁▁▂▂▄▄██,0.5,"подтема без предшественников, тема"
33,hydrogen blending,0.99,Водород и пиролиз метана,184,2021,2.67,▁▁▁▁▁▁▁▁▂▄▆█,0.47,всплеск термина
34,pipelines hydrogen,0.97,Водород и пиролиз метана,17,2023,1.54,▁▁▁▁▁▁▁▃▄▄▇█,0.13,всплеск термина
35,"zeolite, zeolites, adsorption, 13x, zsm, air",0.97,CCUS и метановые утечки,43,2022,1.75,▁▁▁▁▁▁▁▂▂▂▄█,0.26,тема
36,"figure, reaction, catalyst, download, catalytic, selectivity",0.97,СПГ и газохимия,16,2021,-1.2,▁▁▁▁▁▁▇█▁▁▁▁,0.0,подтема без предшественников
37,green ammonia,0.97,Водород и пиролиз метана,108,2020,2.09,▁▁▁▁▁▁▁▃▅▄▆█,0.19,всплеск термина
38,"moisture, moisture swing, swing, sorption, exchange, anion",0.96,CCUS и метановые утечки,34,2023,1.65,▁▁▁▁▁▁▁▁▂▅█▆,0.12,тема
39,"uk, methane, emissions, gas, oil, journal",0.95,CCUS и метановые утечки,31,2021,-1.85,▁▁▁▁▁▁██▁▁▁▁,0.0,подтема без предшественников
40,humid conditions,0.95,CCUS и метановые утечки,61,2020,1.44,▁▁▁▁▁▂▂▁▆▆██,0.13,всплеск термина
