name,domain,runs_seen,n_runs,rank_median,rank_min,rank_max,score_mean,layers_max,n_docs,birth_year,growth,sparkline,rank,layers
sustainable aviation,СПГ и газохимия,5,5,3,2,6,2.77,3,152,2020,1.6,▁▁▁▁▁▁▁▃▂▃▆█,1,"всплеск термина, рождение кластера, тема"
hydrogen pipelines,Водород и пиролиз метана,5,5,5,4,40,2.09,2,288,2016,1.95,▁▁▁▁▁▁▁▂▃▅▇█,2,"всплеск термина, тема"
digital twin,Трубопроводы,5,5,7,1,16,2.76,4,102,2020,1.27,▁▁▁▁▁▁▁▁▁▂▄█,3,"всплеск термина, подтема без предшественников, рождение кластера, тема"
mofs,CCUS и метановые утечки,5,5,7,1,9,2.45,4,300,2015,1.52,▁▂▁▁▁▂▂▃▃▆▇█,4,"всплеск термина, подтема без предшественников, рождение кластера, тема"
ammonia oxidation reaction,Водород и пиролиз метана,5,5,9,7,13,2.12,2,58,2020,1.39,▁▁▁▁▁▂▂▂▄▃█▆,5,"всплеск термина, тема"
liquid organic,Водород и пиролиз метана,5,5,10,2,34,2.21,3,121,2020,1.42,▁▁▁▁▁▂▂▂▃▅█▆,6,"всплеск термина, рождение кластера, тема"
"hydrogen, gas, natural gas, natural, blending, network",Водород и пиролиз метана,4,5,10,8,12,2.08,2,47,2021,-1.73,▁▁▁▁▁▁▄█▁▁▁▁,7,"подтема без предшественников, рождение кластера"
green hydrogen produced,Водород и пиролиз метана,4,5,10,5,31,1.95,3,105,2020,1.5,▁▁▁▁▁▁▃▅▆▆██,8,"всплеск термина, подтема без предшественников, тема"
hydrogen-blended,Водород и пиролиз метана,5,5,12,6,29,1.86,2,237,2021,3.21,▁▁▁▁▁▁▁▁▂▃▆█,9,"всплеск термина, рождение кластера"
"rh, chiral, google, figure, strain, algae",СПГ и газохимия,5,5,13,1,15,2.2,3,67,2016,1.02,▁▄▂▄▂▃▁▃██▂▃,10,"подтема без предшественников, рождение кластера, тема"
"ccs, capture storage, storage, carbon capture, capture, ccus",CCUS и метановые утечки,5,5,13,2,35,2.11,3,92,2016,0.4,▁▁▂▁▂▁▆█▂▅▆▄,11,"подтема без предшественников, рождение кластера, тема"
"pyrolysis, temperature, products, bio, waste, thermal",Водород и пиролиз метана,5,5,15,2,23,2.23,3,139,2015,0.69,▂▃▁▁▃▃▄█▃▇██,12,"подтема без предшественников, рождение кластера, тема"
"corrosion, coatings, coating, µm, inhibition, pipeline",Трубопроводы,4,5,17,2,28,1.86,3,110,2015,0.55,▅▂▁▂▄▂▃▂▃▄██,13,"подтема без предшественников, рождение кластера, тема"
"hydrogen, hydrogen production, economic, techno, techno economic, production",Водород и пиролиз метана,4,5,18,15,25,1.57,2,102,2021,1.48,▁▁▁▁▁▁▃▅▇▆▆█,14,"подтема без предшественников, рождение кластера, тема"
"fuels, fuel, maritime, alternative, shipping, marine",СПГ и газохимия,5,5,19,3,25,2.11,4,159,2016,1.39,▁▁▁▁▂▂▁▄▄▅██,15,"всплеск термина, подтема без предшественников, рождение кластера, тема"
"molten, pyrolysis, methane pyrolysis, bubble, methane, reactor",Водород и пиролиз метана,3,5,19,8,19,1.89,3,114,2015,1.43,▁▁▁▁▁▂▂▄█▆▅█,16,"подтема без предшественников, рождение кластера, тема"
"flame, combustion, ammonia, nh3, nox, laminar",Водород и пиролиз метана,5,5,20,4,22,1.77,3,180,2017,1.47,▁▁▁▁▁▁▂▂▅▅▇█,17,"подтема без предшественников, рождение кластера, тема"
"plasma, clusters, n2, ammonia, nh3, nitrogen",Водород и пиролиз метана,5,5,20,17,38,1.49,2,49,2020,1.41,▁▁▁▁▁▃▁▂█▆█▄,18,"рождение кластера, тема"
"air capture, direct air, direct, capture, air, potassium",CCUS и метановые утечки,5,5,23,21,28,1.43,2,204,2015,1.14,▁▁▁▁▂▁▃▄▃▆▇█,19,"подтема без предшественников, тема"
"carbonation, mgo, cao, air, ca, hydration",CCUS и метановые утечки,3,5,23,17,23,1.56,2,65,2019,0.88,▁▁▁▁▃▃▃▄▆▇▅█,20,"рождение кластера, тема"
swing adsorption tvsa,CCUS и метановые утечки,5,5,24,1,40,1.8,4,107,2018,1.37,▁▁▁▁▁▂▂▃▃▃▆█,21,"всплеск термина, подтема без предшественников, рождение кластера, тема"
"corrosion, oil, pipeline, rate, pipeline corrosion, scale",Трубопроводы,3,5,24,21,24,1.41,2,138,2015,0.51,▅▂▂▃▅▃▄▃▅▆█▇,22,"подтема без предшественников, тема"
"borane, ammonia borane, hydrolysis, ab, zif, catalyst",Водород и пиролиз метана,4,5,25,16,26,1.46,2,63,2018,0.41,▂▂▁▂▄▅▃▂▃█▆█,23,"подтема без предшественников, рождение кластера, тема"
"fiber, das, sensing, distributed, acoustic, optic",Трубопроводы,5,5,26,14,37,1.34,3,174,2015,1.35,▁▁▁▁▁▁▂▂▄▄▆█,24,"всплеск термина, подтема без предшественников, тема"
"dac, air, netl, capture, center, air capture",CCUS и метановые утечки,3,5,26,20,26,1.47,2,211,2018,1.26,▁▁▁▁▂▂▃▄▇█▇▆,25,"подтема без предшественников, тема"
"methanation, capture, conversion, dual function, dfms, dual",CCUS и метановые утечки,4,5,27,11,29,1.56,3,73,2018,1.32,▁▁▁▂▁▂▂▂▄▄█▆,26,"подтема без предшественников, рождение кластера, тема"
"decomposition, ammonia, ammonia decomposition, ru, catalysts, catalyst",Водород и пиролиз метана,4,5,28,11,35,1.46,3,165,2015,1.46,▁▁▁▁▁▂▁▂▄▅▅█,27,"подтема без предшественников, рождение кластера, тема"
"corrosion, mic, srb, bacteria, microbial, biofilm",Трубопроводы,5,5,29,21,34,1.19,2,68,2015,0.13,▂▃▃▂▅▂▆▂▄▄▆█,28,"рождение кластера, тема"
"catalyst, fischer tropsch, fischer, tropsch, catalysts, synthesis",СПГ и газохимия,3,5,29,3,29,1.84,3,168,2015,0.49,▃▄▄▅▂▆▄▅█▆▆▃,29,"подтема без предшественников, рождение кластера, тема"
hydrogen blending,Водород и пиролиз метана,5,5,30,27,39,0.99,1,179,2021,2.64,▁▁▁▁▁▁▁▁▂▄▆█,30,всплеск термина
"zeolite, zeolites, adsorption, zsm, 13x, air",CCUS и метановые утечки,5,5,32,6,39,1.34,2,44,2022,1.75,▁▁▁▁▁▁▁▂▂▂▄█,31,"подтема без предшественников, рождение кластера, тема"
"electrochemical, capture, air, direct air, air capture, direct",CCUS и метановые утечки,3,5,32,14,32,1.6,2,96,2020,1.71,▁▁▁▁▁▁▁▃▃▅▇█,32,"всплеск термина, рождение кластера, тема"
"ni, catalyst, catalysts, carbon, catalytic, iron",Водород и пиролиз метана,5,5,34,9,40,1.37,2,70,2018,1.9,▁▁▁▁▁▁▁▁▂▅█▇,33,"подтема без предшественников, тема"
"uk, methane, emissions, journal, gas, space",CCUS и метановые утечки,3,5,39,32,39,0.96,1,29,2021,-1.67,▁▁▁▁▁▁▇█▁▁▁▁,34,подтема без предшественников
turquoise hydrogen,Водород и пиролиз метана,3,5,39,37,39,0.94,1,141,2021,2.15,▁▁▁▁▁▁▂▃▅▇██,35,всплеск термина
lh2 (hydrogen lh2),Водород и пиролиз метана,2,5,41,9,11,2.08,2,135,2020,1.4,▁▁▁▁▁▂▂▃▂▇██,36,"всплеск термина, тема"
net-zero (net-zero emissions),CCUS и метановые утечки,2,5,41,11,12,2.03,2,169,2020,2.11,▁▁▁▁▁▁▂▂▅▆██,37,"всплеск термина, рождение кластера, тема"
"life, cdr, earth, water, carbon, support",CCUS и метановые утечки,2,5,41,11,12,2.0,2,86,2017,1.33,▁▁▂▁▁▁▂▂▃▄█▇,38,"подтема без предшественников, тема"
"samples, pretrained, training, line, inspection, alignment",Трубопроводы,2,5,41,6,27,1.89,3,147,2015,0.58,▂▃▁▃▃▃▃▅▅▄▇█,39,"подтема без предшественников, рождение кластера, тема"
"ln, scholar, google scholar, google, proton, chem",Водород и пиролиз метана,2,5,41,22,22,1.61,2,98,2018,0.38,▁▁▁▂▂▂▇▇▃▆▇█,40,"подтема без предшественников, рождение кластера, тема"
"figure, download, catalyst, catalytic, metal, reaction",СПГ и газохимия,2,5,41,16,40,1.3,2,81,2015,-0.13,▃▁▃▃▄▅▆▆▃▅▆█,41,"подтема без предшественников, тема"
"membrane, reactor, ammonia, membrane reactor, pi, decomposition",Водород и пиролиз метана,2,5,41,30,33,1.24,2,39,2023,1.01,▂▁▁▁▁▂▂▂▃▄▆█,42,"рождение кластера, тема"
"lng, australia, gas, offshore, floating, natural gas",СПГ и газохимия,2,5,41,25,38,1.15,2,133,2015,0.13,▅▅▇▄▅▄▄▅▅▄▅█,43,"подтема без предшественников, тема"
"figure, cu, catalysts, methanol, reaction, catalyst",СПГ и газохимия,2,5,41,35,36,1.07,2,120,2015,-0.16,▃▁▃▃▄▅▅▄▃▃▆█,44,"подтема без предшественников, тема"
"moisture, moisture swing, swing, sorption, exchange, anion",CCUS и метановые утечки,2,5,41,28,33,0.97,1,31,2023,1.48,▁▁▂▁▁▁▁▁▂▃█▆,45,тема
"binding, ge, domain, fig, light, cells",Водород и пиролиз метана,2,5,41,31,31,0.97,1,14,2025,1.3,▁▁▁▁▁▁▁▁▁▁██,46,подтема без предшественников
pipelines hydrogen,Водород и пиролиз метана,2,5,41,33,37,0.95,1,16,2024,1.47,▁▁▁▁▁▁▁▃▃▄▇█,47,всплеск термина
"radical, nh3, yield, coupling, reaction, google",Водород и пиролиз метана,2,5,41,36,38,0.95,1,12,2021,-1.39,▁▁▁▁▁▁█▁▁▁▁▁,48,подтема без предшественников
humid conditions,CCUS и метановые утечки,2,5,41,36,36,0.95,1,61,2020,1.44,▁▁▁▁▁▂▂▁▆▆██,49,всплеск термина
"pyrolysis, methane, methane pyrolysis, carbon, hydrogen, reactor",Водород и пиролиз метана,1,5,41,9,9,2.16,2,43,2021,-2.04,▁▁▁▁▁▁▇█▁▁▁▁,50,"подтема без предшественников, рождение кластера"
"ccus, carbon, co2, capture, ccs, carbon capture",CCUS и метановые утечки,1,5,41,10,10,2.07,2,55,2023,2.96,▁▁▁▁▁▁▁▁▃█▁▁,51,"подтема без предшественников, рождение кластера"
"ccus, capture, carbon capture, carbon, ccs, storage",CCUS и метановые утечки,1,5,41,15,15,1.87,2,70,2019,1.67,▁▁▁▁▂▁▁▂▃██▄,52,"подтема без предшественников, тема"
"dme, methanol, piping, compatibility, hydrogen, ammonia",Водород и пиролиз метана,1,5,41,15,15,1.75,2,328,2015,1.5,▁▂▁▁▁▂▂▃▄▅██,53,"подтема без предшественников, тема"
"plasma, pyrolysis, methane, methane pyrolysis, plasma pyrolysis, conversion",Водород и пиролиз метана,1,5,41,21,21,1.63,2,74,2022,1.54,▁▁▁▁▁▁▁▃▄▆▅█,54,"рождение кластера, тема"
dac units,CCUS и метановые утечки,1,5,41,18,18,1.61,2,227,2019,1.36,▁▁▁▁▂▂▃▄▆██▇,55,"всплеск термина, тема"
"sofc, ammonia, fuel, solid oxide, oxide fuel, fuel cells",Водород и пиролиз метана,1,5,41,31,31,1.34,2,60,2018,0.69,▁▁▁▂▃▃▂▂▃▄█▇,56,"рождение кластера, тема"
"ammonia, ammonia production, production, energy, green, green ammonia",Водород и пиролиз метана,1,5,41,32,32,1.33,2,202,2015,1.05,▁▁▁▁▁▂▄▄▄▆██,57,"подтема без предшественников, тема"
"nitrogen, ammonia, nrr, nh3, electrochemical, reaction",Водород и пиролиз метана,1,5,41,27,27,1.32,2,68,2020,0.67,▁▁▁▂▂▂▆▅▆▅█▇,58,"рождение кластера, тема"
"amine, capture, silica, air, direct air, direct",CCUS и метановые утечки,1,5,41,30,30,1.28,2,174,2015,1.4,▁▁▁▁▂▂▂▂▆█▇▆,59,"рождение кластера, тема"
"corrosion, corroded, pipelines, corroded pipelines, prediction, pipeline corrosion",Трубопроводы,1,5,41,33,33,1.28,2,67,2015,0.75,▂▁▁▂▂▂▃▃▃▆█▆,60,"рождение кластера, тема"
"methanol, methanol production, production, methanol synthesis, economic, life cycle",СПГ и газохимия,1,5,41,26,26,1.15,2,76,2015,-0.39,▂▁▂▂▄▄▅▄▂▃▄█,61,"рождение кластера, тема"
"co2 capture, power plant, power, capture, combined cycle, gas combined",CCUS и метановые утечки,1,5,41,34,34,1.07,2,130,2015,0.0,▇▇▅▄▇▃▆█▄▇▅▅,62,"рождение кластера, тема"
blue hydrogen,Водород и пиролиз метана,1,5,41,33,33,0.98,1,147,2021,1.4,▁▁▁▁▁▁▃▅▄▄██,63,всплеск термина
green ammonia,Водород и пиролиз метана,1,5,41,30,30,0.97,1,106,2020,2.09,▁▁▁▁▁▁▁▄▅▄▆█,64,всплеск термина
"inspection, pipeline, pipelines, corrosion, maintenance, pipe",Трубопроводы,1,5,41,32,32,0.96,2,163,2015,0.59,▃▃▁▄▄▅▄▇█▆▇█,65,"подтема без предшественников, тема"
"corrosion, scc, steel, cathodic, cracking, stress",Водород и пиролиз метана,1,5,41,34,34,0.96,2,52,2015,-0.41,▅▁▁▆▃▆█▆▁▄▆▆,66,"рождение кластера, тема"
"digital, pipeline, algorithm, real time, operational, twins",Трубопроводы,1,5,41,39,39,0.96,1,11,2021,-0.85,▁▁▁▁▁▁▅█▁▁▁▁,67,подтема без предшественников
"hydrogen, energy, eu, fuel, al2o3, oil",Водород и пиролиз метана,1,5,41,35,35,0.95,1,41,2021,-1.95,▁▁▁▁▁▁▇█▁▁▁▁,68,подтема без предшественников
"combustion, ammonia, engine, ignition, fuel, engines",Водород и пиролиз метана,1,5,41,40,40,0.92,1,85,2020,2.01,▁▁▁▁▁▂▁▃▅███,69,тема
