tech_id,gh_before_2018,gh_before_2019,gh_before_2020,gh_before_2021,gh_before_2022,hn_before_2012,hn_before_2016,hn_before_2017,hn_before_2018,hn_before_2019,hn_before_2020,hn_before_2021,hn_before_2022,hn_before_2024
S001,0,0,0,0,0,0,0,0,0,0,0,0,0,0
S002,2,2,3,6,7,0,0,0,0,0,0,0,0,0
S003,8,10,12,21,41,0,0,0,0,0,0,0,0,1
S004,1,1,2,3,8,0,0,0,0,0,0,0,0,0
S005,0,0,0,0,0,0,0,0,0,0,0,0,0,0
S006,0,0,0,0,0,0,0,0,0,0,0,0,0,0
S007,0,0,0,0,0,0,0,0,0,0,0,0,0,0
S008,16,22,32,44,65,0,2,4,5,7,10,15,20,24
S009,3,4,4,5,5,0,0,0,0,0,0,0,0,4
S010,0,0,1,2,3,0,0,0,0,0,0,0,0,0
S011,0,0,0,0,0,0,0,0,0,0,0,0,0,0
S012,0,0,0,0,0,0,0,0,0,0,0,0,0,0
S013,0,0,0,0,0,0,0,0,0,0,0,0,0,0
S014,0,0,0,0,0,0,0,0,0,0,0,0,0,0
S015,0,0,0,0,0,0,0,0,0,0,0,0,0,0
S016,0,0,0,0,0,0,0,0,0,0,0,0,0,0
S017,0,0,0,0,0,0,0,0,0,0,0,0,0,0
S018,1,1,4,6,8,0,0,0,0,0,0,3,3,3
S019,0,0,0,0,0,0,0,0,0,0,0,0,0,0
S020,1,1,1,1,1,0,0,0,0,0,0,0,0,0
S021,0,0,0,1,2,0,0,0,0,0,0,0,0,0
S022,0,0,0,0,0,0,0,0,0,0,0,0,0,0
S023,2,8,13,21,33,0,0,0,0,0,0,1,2,2
S024,0,0,0,0,0,0,0,0,0,0,0,0,0,0
S025,0,0,0,0,0,0,0,0,0,0,0,0,0,0
S026,0,0,0,0,0,0,0,0,0,0,0,0,0,0
S027,0,0,0,0,0,0,0,0,0,0,0,0,0,0
S028,0,0,0,0,0,0,0,0,0,0,0,0,0,0
S029,0,0,0,0,0,0,0,0,0,0,0,0,0,0
S030,0,0,0,0,0,0,0,0,0,0,0,0,0,0
S031,0,0,0,0,0,0,0,0,0,0,0,0,0,0
S032,0,0,0,0,0,0,0,0,0,0,0,0,1,1
S033,0,0,0,0,0,0,0,0,0,0,0,0,0,0
S034,0,0,0,0,0,0,0,0,0,0,0,0,0,0
S035,0,0,0,0,0,0,0,0,0,0,0,0,0,0
S036,1,1,4,7,10,0,0,0,0,0,4,4,4,4
S037,253,411,544,705,875,2,5,5,5,5,6,6,6,7
S038,0,0,0,0,0,0,0,0,0,0,0,0,0,0
S039,0,0,0,0,0,0,0,0,0,0,0,0,0,0
S040,0,0,0,0,0,0,0,0,0,0,0,0,0,0
S041,0,0,0,0,0,0,0,0,0,0,0,0,0,0
S042,0,0,0,0,1,0,0,0,0,0,0,0,0,0
S043,0,0,0,0,0,0,0,0,0,0,0,0,0,0
S044,1,1,1,3,7,0,0,0,0,0,0,0,0,0
S045,0,0,0,0,0,0,0,0,0,0,0,0,0,0
S046,0,0,0,0,0,0,0,0,0,0,0,0,0,0
S047,0,0,0,0,0,0,0,0,0,0,0,0,0,0
S048,5,7,18,44,81,0,1,2,2,2,3,5,6,12
S049,0,0,0,0,0,0,0,0,0,0,0,0,0,0
S050,4,5,8,7,8,0,0,0,0,0,0,0,0,0
S051,0,0,0,0,0,0,0,0,0,0,0,0,0,0
S052,0,0,1,2,4,0,0,0,0,0,0,0,0,0
S053,0,0,0,0,0,0,0,0,0,0,0,0,0,0
S054,0,0,0,0,0,0,0,0,0,0,0,0,0,0
S055,0,0,0,0,0,0,0,0,0,0,0,0,0,0
S056,0,0,0,0,0,0,0,0,0,0,0,0,0,0
S057,0,0,0,0,0,0,0,0,0,0,0,0,0,0
S058,0,0,0,0,0,0,0,0,0,0,0,0,0,0
S059,1,1,1,2,2,0,0,0,0,0,0,1,1,1
S060,0,0,0,0,0,0,0,0,0,0,0,0,0,0
S061,0,0,1,3,4,0,0,0,0,0,0,0,0,0
S062,0,0,0,0,0,0,0,0,0,0,0,0,0,0
S063,0,0,0,0,0,0,0,0,0,0,0,0,0,0
S064,0,0,0,0,0,0,0,0,0,0,0,0,0,0
S065,0,0,0,0,0,0,0,0,0,0,0,0,0,3
S066,0,0,0,0,0,0,0,0,0,0,0,0,0,0
S067,10,10,11,20,28,0,0,0,0,0,0,0,0,0
S068,0,0,0,0,0,0,0,0,0,0,0,0,0,0
S069,0,0,0,1,2,0,0,0,0,0,0,0,0,0
S070,0,0,0,0,0,0,0,0,0,0,0,0,0,0
S071,0,0,0,0,0,0,0,0,0,0,0,0,0,0
S072,0,0,0,0,0,0,0,0,0,0,0,0,0,0
S073,0,0,0,0,0,0,0,0,0,0,0,0,0,0
S074,0,0,0,0,0,0,0,0,0,0,0,0,0,0
S075,0,0,0,0,0,0,0,0,0,0,0,0,0,0
S076,1,1,1,1,1,0,0,0,0,0,0,0,0,0
S077,0,0,0,0,0,0,0,0,0,0,0,0,0,0
S078,0,0,0,0,0,0,0,0,0,0,0,0,0,0
S079,0,0,0,0,0,0,0,0,0,0,0,0,0,0
S080,0,0,0,0,0,0,0,0,0,0,0,0,0,0
S081,0,0,0,0,0,0,0,0,0,0,0,0,0,0
S082,0,0,0,0,0,0,0,0,0,0,0,0,0,0
S083,0,0,0,0,0,0,0,0,0,0,0,0,0,0
S084,2,2,2,5,10,0,0,0,0,0,0,1,1,1
S085,0,0,0,0,0,0,0,0,0,0,0,0,0,0
S086,0,0,0,0,0,0,0,0,0,0,0,0,0,0
S087,0,0,0,0,0,0,0,0,0,0,0,0,0,0
S088,0,0,6,10,15,0,0,0,0,0,0,0,0,0
S089,0,0,0,0,1,0,0,0,0,0,0,0,0,0
S090,0,0,1,1,2,0,0,0,0,0,0,0,0,1
S091,0,0,0,0,2,0,0,0,0,0,0,0,0,0
S092,0,0,0,0,0,0,0,0,0,0,0,0,0,0
S093,0,0,0,0,1,0,0,0,0,0,0,0,0,0
S094,0,0,0,0,0,0,0,0,0,0,0,0,0,0
S095,0,2,3,5,5,0,0,0,0,0,0,0,0,0
S096,0,0,0,0,0,0,0,0,0,0,0,0,0,0
S097,0,0,0,0,0,0,0,0,0,0,0,0,0,0
S098,0,0,0,0,0,0,0,0,0,1,1,1,1,1
S099,0,0,0,0,0,0,0,0,0,0,0,1,1,1
S100,0,0,0,0,0,0,0,0,0,0,0,0,0,0
M-Edg-01,21,39,81,299,806,1,1,1,1,1,4,17,30,52
M-Edg-02,125,835,2764,5601,8864,0,0,0,13,34,58,70,74,85
M-Edg-03,61,105,218,486,1025,0,0,0,0,1,2,4,8,17
M-Edg-04,454,926,1706,2869,4270,0,13,13,22,36,64,81,87,110
M-Edg-05,3,8,23,48,110,0,0,0,0,0,0,2,2,2
M-Edg-06,17,41,93,224,429,0,0,0,0,0,0,0,0,1
M-Edg-07,88,227,613,1372,2373,0,0,0,1,1,5,7,12,18
M-Edg-08,12,29,84,167,232,0,0,0,0,0,0,2,2,5
M-Edg-09,6,12,16,25,41,0,0,1,1,1,1,2,3,4
M-Edg-10,1,1,1,1,1,0,0,0,0,0,0,0,0,0
M-Edg-11,0,0,0,0,0,0,0,0,0,0,0,0,0,0
M-Edg-12,21,25,42,60,99,0,0,0,0,1,1,1,1,5
M-Edg-13,794,1584,2478,3512,4661,0,0,2,10,15,23,37,42,60
M-Edg-14,17424,27534,39491,54274,69776,2,55,82,120,146,186,208,227,290
M-Edg-15,242,577,1166,2121,3416,0,0,5,21,55,93,143,177,214
M-Edg-16,72575,100384,130660,165523,202098,61,1917,2444,2961,3304,3808,4578,5213,6274
M-Edg-17,510,784,1167,1567,2024,0,2,7,10,12,18,18,26,27
M-Edg-18,58,157,691,1677,3531,0,0,0,2,15,38,63,89,139
M-Edg-19,2,3,12,25,37,0,0,0,0,0,0,0,0,1
M-Edg-20,114,201,328,499,700,0,0,0,2,3,3,4,5,5
M-Edg-21,37,70,113,196,311,6,10,10,15,16,26,29,32,32
M-Edg-22,2725,3626,4546,5889,7070,1,22,29,34,43,50,60,69,81
M-Edg-23,51,71,110,152,204,0,0,0,0,0,0,0,1,1
M-Edg-24,2262,2883,3538,4385,5471,25,70,80,95,108,126,145,158,187
M-Edg-25,1429,2091,2929,3917,5109,0,0,0,0,0,0,0,0,0
H-Edg-01,154,283,397,532,676,1,6,10,15,23,28,29,29,29
H-Edg-02,257,309,377,466,573,1,3,3,3,3,3,3,3,3
H-Edg-03,25,69,158,288,399,4,11,11,11,14,14,15,15,15
H-Edg-04,1715,1890,2078,2458,2751,0,1579,1614,1640,1666,1676,1701,1710,1728
H-Edg-05,18,63,128,166,241,0,2,4,7,9,11,11,11,11
H-Edg-06,2212,3155,4233,5738,7801,0,41,45,50,51,53,55,56,67
H-Edg-07,212,292,371,456,520,68,76,76,79,79,79,81,82,83
H-Edg-08,158,197,236,265,309,1,6,6,6,6,6,6,6,6
M-Защ-01,365,908,1626,2463,3281,0,4,11,36,60,89,97,102,104
M-Защ-02,252,450,838,1353,2043,0,13,37,58,78,112,138,161,193
M-Защ-03,354,558,823,1225,1738,18,51,65,81,97,113,143,175,262
M-Защ-04,3,12,75,367,723,0,0,0,0,0,28,42,45,62
M-Защ-05,8,8,10,12,17,0,0,0,0,0,0,0,0,2
M-Защ-06,3,3,6,6,10,0,0,0,0,0,0,0,0,5
M-Защ-07,4,5,6,7,20,0,0,0,0,0,0,0,0,0
M-Защ-08,41,62,88,189,313,0,0,0,0,1,2,2,2,2
M-Защ-09,63,110,192,280,400,2,7,8,14,14,14,17,19,24
M-Защ-10,13,20,35,77,197,0,0,0,0,0,3,13,18,36
M-Защ-11,612,959,1393,2077,3361,7,35,39,50,64,71,85,101,138
M-Защ-12,2,2,3,5,15,0,0,0,0,0,0,0,0,1
M-Защ-13,1,1,1,3,3,0,0,0,0,1,1,1,1,1
M-Защ-14,3,4,7,12,32,0,0,0,0,0,0,0,0,0
M-Защ-15,0,0,0,0,0,0,0,0,0,0,0,0,0,0
M-Защ-16,27,56,96,146,234,0,0,0,0,1,2,2,2,4
M-Защ-17,5,23,39,66,130,0,0,0,0,0,1,1,2,3
M-Защ-18,53,99,172,254,352,1,3,3,6,10,13,16,20,30
M-Защ-19,56,115,229,364,530,0,0,0,0,0,0,1,2,5
M-Защ-20,55,127,346,927,2015,0,0,3,13,20,44,56,77,96
M-Защ-21,0,0,0,0,1,0,0,0,0,0,0,0,0,0
M-Защ-22,0,0,0,2,5,0,0,0,0,0,0,0,0,0
M-Защ-23,58,76,110,179,370,0,0,0,0,0,0,0,0,142
M-Защ-24,2,4,7,15,26,0,0,0,0,0,0,0,0,0
M-Защ-25,14,39,87,175,284,0,0,0,0,3,3,5,7,12
H-Защ-01,59,147,236,388,569,0,0,3,6,15,17,22,26,31
H-Защ-02,1,4,6,12,37,0,0,0,2,3,3,3,3,3
H-Защ-03,0,0,0,0,0,0,0,0,0,0,0,0,0,0
H-Защ-04,0,0,0,0,2,0,0,0,0,0,0,0,0,0
H-Защ-05,0,0,0,0,0,0,0,0,0,0,0,0,0,0
H-Защ-06,0,0,0,0,0,0,0,0,0,1,1,1,1,1
H-Защ-07,2,3,5,9,14,0,1,1,1,1,1,1,1,2
H-Защ-08,0,2,2,3,4,0,0,0,0,0,0,0,0,0
M-Инд-01,173,353,678,1151,1882,0,2,6,17,23,28,36,38,45
M-Инд-02,97,234,514,1126,2339,0,0,1,2,4,11,16,32,69
M-Инд-03,6,9,18,27,35,0,0,0,0,0,0,0,0,0
M-Инд-04,49,76,124,189,274,0,2,8,10,10,15,15,16,17
M-Инд-05,1071,1514,2031,2695,3472,33,55,59,61,71,75,75,76,88
M-Инд-06,34,55,78,120,171,0,0,0,0,0,0,0,0,0
M-Инд-07,56,160,391,783,1293,0,1,2,5,14,28,36,42,49
M-Инд-08,25,45,77,121,165,0,0,0,0,0,0,0,0,0
M-Инд-09,126,179,235,338,485,2,2,2,2,2,2,3,3,3
M-Инд-10,335,623,988,1458,1979,0,2,2,4,5,8,8,8,12
M-Инд-11,0,0,0,0,0,0,0,0,0,0,0,0,0,0
M-Инд-12,0,0,1,3,9,0,0,0,0,0,0,0,0,0
M-Инд-13,120,191,277,472,736,2,20,27,35,39,44,55,58,72
M-Инд-14,58,96,173,267,386,0,0,2,2,2,2,2,2,2
M-Инд-15,281,439,620,831,1128,1,2,4,5,9,11,13,14,18
M-Инд-16,119,240,442,734,1237,0,3,18,26,29,36,45,50,53
M-Инд-17,294,424,562,795,1072,1,2,2,2,2,2,3,4,6
M-Инд-18,100,171,248,398,575,0,0,1,1,1,4,6,6,6
M-Инд-19,97,143,203,317,430,0,0,0,0,0,0,0,0,1
M-Инд-20,201,331,496,760,1204,0,3,4,4,4,5,8,9,14
M-Инд-21,72,104,138,185,282,0,2,2,2,2,2,5,6,11
M-Инд-22,205,340,503,761,1082,0,0,0,0,0,0,1,1,1
M-Инд-23,45,69,97,155,253,0,0,0,0,0,0,0,0,2
M-Инд-24,0,2,8,17,31,0,0,0,0,0,0,0,0,0
M-Инд-25,342,510,748,1061,1411,3,8,10,12,12,13,14,15,19
H-Инд-01,3,26,101,130,180,0,0,0,1,2,3,3,3,3
H-Инд-02,0,0,0,0,0,0,0,0,0,0,0,0,0,5
H-Инд-03,43,58,64,69,72,0,0,1,3,3,3,3,3,3
H-Инд-04,315,420,514,609,673,0,0,1,1,1,2,2,2,2
H-Инд-05,0,0,1,1,1,0,0,0,0,0,0,0,0,0
H-Инд-06,2,2,3,5,6,0,5,7,7,8,8,8,8,8
H-Инд-07,405,573,677,773,897,0,279,488,637,719,749,784,806,853
H-Инд-08,8,8,10,10,15,0,8,11,13,13,13,17,18,21
M-Инф-01,228,364,515,708,1049,3,8,11,15,19,22,27,28,40
M-Инф-02,18,27,49,69,86,0,2,3,4,4,7,9,15,20
M-Инф-03,622,816,1011,1259,1439,6,18,23,32,34,35,36,38,47
M-Инф-04,0,0,0,0,0,0,0,0,0,0,0,0,0,0
M-Инф-05,21620,48298,91089,159931,234550,0,235,785,1932,3320,4955,6821,7830,9476
M-Инф-06,144,209,307,592,1591,0,0,0,0,0,0,1,23,222
M-Инф-07,95,148,227,564,1838,0,0,0,0,0,0,2,3,83
M-Инф-08,1,1,2,6,10,0,0,0,0,0,0,0,0,0
M-Инф-09,24,75,140,235,325,0,0,0,16,17,21,24,25,26
M-Инф-10,25,47,92,148,199,0,3,7,9,11,12,12,12,16
M-Инф-11,11,17,20,26,38,0,1,1,1,1,1,1,1,1
M-Инф-12,102,170,284,464,705,1,1,2,4,5,8,8,8,30
M-Инф-13,14,18,33,65,114,0,0,0,0,0,0,0,0,14
M-Инф-14,11,18,28,42,73,0,0,0,0,0,0,0,0,5
M-Инф-15,5,6,8,11,14,0,0,0,0,0,0,0,0,1
M-Инф-16,3,4,8,9,12,0,0,0,0,0,0,1,1,2
M-Инф-17,252,528,971,1694,2733,1,1,32,71,105,133,153,170,193
M-Инф-18,54,82,142,216,368,0,0,0,0,2,5,5,5,8
M-Инф-19,5,6,19,38,57,0,0,0,0,0,1,1,1,1
M-Инф-20,2679,3996,5587,8040,10887,2,29,53,77,101,145,183,223,316
M-Инф-21,1414,1954,2608,3509,4436,14,40,50,55,58,62,66,69,78
M-Инф-22,0,0,0,0,0,0,0,0,0,0,0,0,0,0
M-Инф-23,0,0,0,6,12,3,14,15,16,18,22,24,28,35
M-Инф-24,7,22,42,66,115,0,0,0,0,9,23,37,46,97
M-Инф-25,0,1,1,1,1,0,0,0,0,0,1,1,1,1
H-Инф-01,36166,46710,56652,67062,76937,576,1583,1715,1824,1894,1964,2002,2023,2043
H-Инф-02,12,22,52,101,145,0,1,3,24,41,51,56,66,75
H-Инф-03,2,3,4,11,27,0,0,0,0,1,6,8,11,12
H-Инф-04,74,172,389,1006,1895,0,8,9,50,65,78,122,145,165
H-Инф-05,20222,24092,27297,30241,32982,70,732,849,922,980,1016,1045,1052,1086
H-Инф-06,32,45,56,71,86,4,5,5,6,6,6,6,6,7
H-Инф-07,0,0,0,0,1,0,0,0,0,0,0,0,0,0
H-Инф-08,622,1155,2218,4538,7424,0,18,28,45,62,98,135,152,208
M-Роб-01,25,47,63,80,119,0,4,4,5,5,5,5,5,10
M-Роб-02,53,86,131,202,278,0,2,3,3,4,5,6,7,7
M-Роб-03,0,0,0,0,0,0,0,0,0,0,0,0,0,0
M-Роб-04,0,1,1,1,1,0,0,0,0,0,0,0,0,0
M-Роб-05,50,81,121,167,233,3,10,12,12,13,14,15,17,24
M-Роб-06,3,10,15,22,28,0,0,0,0,0,0,0,0,1
M-Роб-07,305,575,952,1449,1919,1,1,2,3,6,7,7,8,9
M-Роб-08,1020,1675,2372,3248,4361,1,12,17,21,27,30,36,38,43
M-Роб-09,48,73,123,182,263,5,9,10,10,10,11,12,12,12
M-Роб-10,3,6,7,34,74,0,2,3,3,6,19,44,62,66
M-Роб-11,0,0,0,1,2,0,0,0,0,0,0,0,0,0
M-Роб-12,720,991,1285,1644,2112,29,98,112,123,142,155,161,189,261
M-Роб-13,0,1,1,1,3,0,0,0,1,1,1,1,1,1
M-Роб-14,217,293,425,611,849,34,111,136,148,159,173,196,204,227
M-Роб-15,17,36,57,84,113,0,0,0,0,0,0,0,0,1
M-Роб-16,32,47,72,123,185,0,0,0,0,1,1,1,1,1
M-Роб-17,1,1,1,2,2,0,0,0,0,0,0,0,0,0
M-Роб-18,6,16,25,38,77,0,3,5,7,11,25,51,78,191
M-Роб-19,1010,1698,2578,3695,5026,1,6,19,20,23,26,28,30,31
M-Роб-20,254,614,1146,1772,2394,0,0,0,3,10,24,29,31,39
M-Роб-21,304,536,749,1026,1340,0,0,0,0,0,0,0,0,0
M-Роб-22,14,15,18,22,29,0,0,0,0,0,0,0,0,0
M-Роб-23,0,0,0,0,1,0,0,0,0,0,0,0,0,0
M-Роб-24,9,20,27,31,38,0,0,0,0,0,0,0,0,1
M-Роб-25,172,246,326,456,570,0,1,1,1,1,1,1,1,1
H-Роб-01,1,1,1,1,1,0,1,1,1,1,4,5,6,6
H-Роб-02,84,142,210,282,371,0,4,9,10,12,12,12,14,15
H-Роб-03,2,24,92,145,198,0,0,0,0,4,8,10,10,10
H-Роб-04,124,147,177,215,249,17,57,61,65,65,67,70,72,73
H-Роб-05,183,244,324,385,437,0,8,8,8,8,9,9,9,9
H-Роб-06,398,519,693,848,1008,80,126,136,143,157,165,187,196,208
H-Роб-07,28,64,89,162,237,0,0,0,0,1,1,1,4,4
H-Роб-08,3,5,5,7,9,0,0,0,0,2,10,11,11,11
M-Фин-01,87,262,492,812,1178,0,1,9,24,48,63,91,120,147
M-Фин-02,17,19,34,61,141,1,2,4,4,7,9,19,60,122
M-Фин-03,453,600,768,1017,1252,125,365,390,427,437,455,465,469,478
M-Фин-04,1550,2675,3170,3660,4121,1,8,9,11,13,14,16,16,37
M-Фин-05,60,106,270,592,1077,0,5,7,18,27,33,36,40,41
M-Фин-06,3,4,6,9,14,0,0,0,1,2,2,2,2,2
M-Фин-07,25,51,82,119,148,0,0,0,0,1,2,2,2,3
M-Фин-08,0,0,0,0,0,0,0,0,0,0,0,0,0,0
M-Фин-09,4,5,16,36,94,0,0,2,5,6,9,27,56,87
M-Фин-10,71,227,476,1044,2187,0,0,0,4,33,57,74,132,365
M-Фин-11,9,15,39,89,142,0,0,2,4,5,6,8,8,9
M-Фин-12,4,7,14,45,103,0,0,1,3,3,4,11,22,40
M-Фин-13,27,38,58,87,118,0,0,0,1,1,2,3,4,4
M-Фин-14,7,21,47,87,140,0,0,0,0,0,0,0,0,0
M-Фин-15,20,27,70,121,200,0,1,2,2,2,7,8,9,11
M-Фин-16,80,125,157,194,249,0,0,0,0,0,0,0,0,4
M-Фин-17,0,0,0,0,3,0,0,0,0,0,0,0,0,0
M-Фин-18,250,365,506,705,1058,0,0,0,0,0,0,0,0,0
M-Фин-19,126,226,384,783,1789,12,24,28,31,34,34,35,37,38
M-Фин-20,512,1290,1750,2230,3126,0,11,16,39,107,154,171,190,218
M-Фин-21,0,1,3,5,11,0,0,0,0,0,0,2,4,7
M-Фин-22,0,4,6,20,41,1,2,2,2,2,2,6,10,16
M-Фин-23,0,0,0,1,1,0,0,0,0,0,0,0,0,0
M-Фин-24,0,0,0,0,0,0,0,0,0,0,0,0,0,0
M-Фин-25,1,1,2,4,6,0,0,0,0,0,0,0,0,0
H-Фин-01,127,316,389,457,590,0,0,0,39,57,58,58,58,60
H-Фин-02,9,24,44,115,2304,0,0,0,0,0,0,1,23,95
H-Фин-03,0,0,0,0,0,0,0,0,0,0,0,0,0,0
H-Фин-04,1,1,1,3,5,0,0,0,0,0,0,0,0,1
H-Фин-05,0,0,3,6,11,0,0,0,0,0,0,0,0,5
H-Фин-06,3,16,30,40,53,0,0,0,0,3,3,3,3,3
H-Фин-07,6,17,23,35,233,0,0,0,0,0,0,0,21,50
H-Фин-08,0,0,0,0,0,0,0,0,0,0,0,0,0,0
