tech_id,name,query,label,p_2021,oa_total_log,oa_recent_log,oa_growth,oa_age,oa_peak_ratio,oa_last_share,hn_12m_log,hn_growth,gh_total_log,gh_new_share,wiki_article,wiki_age
M-Edg-01,TinyML,TinyML,mainstream,0.2549081960281394,4.624972813284271,3.545778610473263,3.545778610473263,1,1.0,0.2079207920792079,2.6390573296152584,0.4418327522790392,6.693323668269949,0.6290322580645161,1.0,0.0
M-Edg-02,TensorFlow Lite,TensorFlow Lite,mainstream,0.0214986771813668,5.327876168789581,4.194692536056382,3.683866912290392,3,1.0,0.2975609756097561,1.6094379124341005,-1.3350010667323402,9.089866218508307,0.3681182310469314,1.0,6.0
M-Edg-03,ONNX Runtime,ONNX Runtime,mainstream,0.3214018032448875,2.5649493574615367,1.6094379124341005,1.6094379124341005,1,1.0,0.5833333333333334,1.6094379124341005,0.6931471805599453,6.933423025730715,0.5258536585365854,0.0,0.0
M-Edg-04,NVIDIA Jetson,NVIDIA Jetson,mainstream,0.0300290828657011,6.851184927493743,5.461002948825133,2.552282052260771,6,1.0,0.2468220338983051,1.9459101490553132,-1.2110902720948,8.359603270841466,0.3281030444964871,1.0,4.0
M-Edg-05,Периферийные вычисления MEC в сетях 5G,multi-access edge computing,mainstream,0.1380710477642646,7.048386408721883,5.821071561179301,5.821071561179301,4,1.0,0.2895652173913043,0.0,-0.6931471805599453,4.709530201312334,0.5636363636363636,1.0,7.0
M-Edg-06,Квантизация моделей,model quantization,mainstream,0.3711551523674017,5.153291594497779,3.713572066704308,1.9218125974762528,11,1.0,0.1860465116279069,0.0,0.0,6.063785208687608,0.4778554778554778,0.0,0.0
M-Edg-07,Дистилляция знаний,knowledge distillation,mainstream,0.0713293842780318,7.913521017283895,6.74209416308129,4.844974178195408,8,1.0,0.2872301500182949,1.791759469228055,0.4054651081081644,7.772331575169614,0.4218289085545723,1.0,2.0
M-Edg-08,Прунинг нейросетей,neural network pruning,mainstream,0.0981523603384042,5.493061443340548,4.209655408733095,3.1110431200649855,10,1.0,0.3305785123966942,0.0,-0.6931471805599453,5.4510384535657,0.2801724137931034,1.0,1.0
M-Edg-09,Распознавание речи на устройстве,on-device speech recognition,mainstream,0.2595028021601934,3.8918202981106265,2.456735772821304,1.2527629684953678,5,1.0,0.2916666666666667,0.6931471805599453,0.2876820724517808,3.737669618283368,0.3902439024390244,1.0,19.0
M-Edg-12,AI PC,AI PC,mainstream,0.1804232951270781,2.9444389791664403,0.8472978603872036,0.0,10,0.4285714285714285,0.1111111111111111,0.0,0.0,4.605170185988092,0.3939393939393939,0.0,0.0
M-Edg-13,LoRaWAN,LoRaWAN,mainstream,0.0237583528668621,7.852827812281744,6.502790045915623,3.6893793291555874,9,1.0,0.2830482115085536,1.791759469228055,-0.6931471805599453,8.447199819595703,0.2465136236859043,1.0,6.0
M-Edg-14,MQTT,MQTT,mainstream,0.0090880848585507,8.18757739559151,6.637694807880176,1.9586547733256288,9,0.9671052631578948,0.2041724617524339,2.995732273553991,-0.4700036292457356,11.15305972155518,0.2221680807154322,1.0,10.0
M-Edg-15,Периферийные вычисления,edge computing,mainstream,0.0234531221303248,9.771440771615795,8.474216098561097,3.743882769619,11,1.0,0.2788017118402282,3.5553480614894135,-0.251314428280906,8.136518252115291,0.3790983606557377,1.0,15.0
M-Edg-16,Raspberry Pi,Raspberry Pi,mainstream,0.008244917099999,9.795233967095871,8.029432840581244,0.9985753644651224,10,1.0,0.1691090432941438,6.455198563340122,-0.0031397200046677,12.216512955333949,0.180976555928312,1.0,10.0
M-Edg-17,Arm Cortex-M,Arm Cortex-M,mainstream,0.1229906573074512,5.293304824724492,3.39002408106403,0.4281933591857205,9,1.0,0.1313131313131313,2.1972245773362196,0.8109302162163288,7.613324979540639,0.2257905138339921,1.0,10.0
M-Edg-18,Федеративное обучение,federated learning,mainstream,0.0514393717756839,8.556029215201436,7.434847875211999,6.135564891081739,9,1.0,0.2847796805849528,3.295836866004329,0.0769610411361284,8.16961956172385,0.5250637213254036,1.0,2.0
M-Edg-19,Нарезка сети 5G,5G network slicing,mainstream,0.2898547322701078,5.991464547107982,4.724433606814909,3.7436043538031822,5,1.0,0.2606516290726817,0.0,0.0,3.6375861597263857,0.3243243243243243,1.0,2.0
M-Edg-20,Детекция ключевых слов,keyword spotting,mainstream,0.0736162032922688,6.943122422819428,4.974432245432295,0.769739626041329,11,0.9104477611940298,0.1169082125603864,0.6931471805599453,0.2876820724517808,6.55250788703459,0.2871428571428571,1.0,17.0
M-Edg-21,Разблокировка по лицу,face unlock,mainstream,0.3613828650103541,3.6375861597263857,1.8458266904983307,0.3794896217049035,9,1.0,0.1891891891891892,1.3862943611198906,-0.6286086594223742,5.7430031878094825,0.3697749196141479,0.0,0.0
M-Edg-22,Bluetooth Low Energy,Bluetooth Low Energy,mainstream,0.0252480962348626,8.429454277108231,6.47491897407784,0.5506631766633088,11,0.9232954545454546,0.1417340030574361,2.302585092994046,0.0512932943875504,8.863757191604241,0.167043847241867,1.0,12.0
M-Edg-23,Обновление прошивки по воздуху,over-the-air firmware update,mainstream,0.072682281443495,3.332204510175204,1.6739764335716716,0.6931471805599452,5,0.5714285714285714,0.1111111111111111,0.6931471805599453,0.6931471805599453,5.3230099791384085,0.2549019607843137,1.0,17.0
M-Edg-24,Встраиваемый Linux,embedded Linux,mainstream,0.0024452399769087,7.557994958530806,4.054679305829669,-0.894080584548499,11,0.18,0.0323759791122715,2.6390573296152584,-0.3313571359544425,8.607399459302387,0.1985011880826174,1.0,17.0
M-Edg-25,Цифровой сигнальный процессор,digital signal processor,mainstream,0.0190163686674277,9.993602441978387,7.423369419479925,-0.0997516625421266,11,0.8434146341463414,0.0789581905414667,0.0,0.0,8.53895468319775,0.2333137600313173,1.0,19.0
H-Edg-01,Туманные вычисления,fog computing,faded_hype,0.0353714892971826,8.89740886527095,7.376299510491521,2.4394303666348747,9,1.0,0.2227844638949671,0.0,-1.3862943611198906,6.517671272912275,0.2130177514792899,1.0,7.0
H-Edg-02,Клаудлеты,cloudlet,faded_hype,0.0531956072168679,7.365812837209472,5.3230099791384085,0.4503604280160554,11,0.7677165354330708,0.1227848101265822,0.0,0.0,6.352629396319567,0.1867364746945898,1.0,6.0
H-Edg-03,Умная пыль,smart dust,faded_hype,0.2720864183968761,5.605802066295998,3.270835563798912,0.4376222197426956,11,0.90625,0.1033210332103321,0.0,-0.4054651081081644,5.991464547107982,0.2781954887218045,0.0,0.0
H-Edg-04,Google Glass,Google Glass,faded_hype,0.0027331175613455,7.281385663570283,3.784189633918261,-1.9862125280793357,9,0.0861618798955613,0.0220385674931129,2.302585092994046,-0.6151856390902334,7.920083199053234,0.1065067248273355,1.0,9.0
H-Edg-05,Блокчейн для интернета вещей,blockchain IoT,faded_hype,0.3192273170359526,5.14166355650266,3.905334017277349,3.3945083935113587,4,1.0,0.2,0.0,-0.6931471805599453,5.488937726156687,0.3112033195020747,0.0,0.0
H-Edg-06,Li-Fi,Li-Fi,faded_hype,0.0315416728714639,6.946975992135418,5.0917031171850375,0.7478976953313536,11,1.0,0.1732435033686236,0.6931471805599453,-0.4054651081081644,8.962135390066601,0.2644532752211255,1.0,9.0
H-Edg-07,WiMAX,WiMAX,faded_hype,0.0064634290171484,9.630037062331072,6.49627209854841,-0.6298151747507152,11,0.271875,0.039963191797029,0.6931471805599453,0.0,6.255750041753367,0.123076923076923,1.0,20.0
H-Edg-08,Мобильные облачные вычисления,mobile cloud computing,faded_hype,0.025314337861116,8.238536930171769,5.661802402415319,-0.4994049192797583,11,0.49706457925636,0.0668781390430875,0.0,0.0,5.736572297479192,0.1423948220064725,1.0,10.0
M-Защ-01,Состязательные примеры,adversarial examples,mainstream,0.0625740715862156,8.384347278082808,7.088408778675395,4.19803702077923,7,1.0,0.2901530728809687,1.791759469228055,-1.1786549963416462,8.096208271650037,0.2493142334654068,0.0,0.0
M-Защ-02,Дифференциальная приватность,differential privacy,mainstream,0.0447519114621513,8.721113147762688,7.087016602479498,1.4486619331457518,11,1.0,0.1942903752039151,3.1780538303479458,-0.2559333741372006,7.622663951323595,0.3377386196769457,1.0,12.0
M-Защ-03,Гомоморфное шифрование,homomorphic encryption,mainstream,0.0645799219800857,8.66561319653451,6.717401550490918,0.6621800375801852,11,1.0,0.1472667701327815,3.49650756146648,0.3184537311185346,7.461065514354283,0.2951668584579976,1.0,15.0
M-Защ-04,Детекция дипфейков,deepfake detection,mainstream,0.0535202543698402,5.7899601708972535,4.697445462097262,4.697445462097262,2,1.0,0.3098159509202454,1.3862943611198906,-1.7047480922384253,6.584791392385716,0.4923928077455048,1.0,3.0
M-Защ-06,NIST AI RMF,NIST AI Risk Management Framework,mainstream,0.5076744866856933,1.3862943611198906,0.2876820724517809,0.2876820724517808,0,0.6666666666666666,0.3333333333333333,0.0,0.0,2.3978952727983707,0.4,0.0,0.0
M-Защ-08,Карточки моделей,model cards,mainstream,0.3987748035803621,3.737669618283368,1.9459101490553132,0.7419373447293773,11,1.0,0.1463414634146341,0.0,-0.4054651081081644,5.749392985908253,0.3961661341853035,0.0,0.0
M-Защ-09,Предотвращение утечек данных DLP,data loss prevention,mainstream,0.1099713824884621,5.4680601411351315,3.044522437723423,-0.0465200156348928,11,0.9090909090909092,0.1228813559322034,1.0986122886681098,0.1823215567939546,5.993961427306569,0.3,1.0,15.0
M-Защ-10,Архитектура нулевого доверия,zero trust architecture,mainstream,0.2423608033714602,5.10594547390058,3.963982744358857,3.4531571205928664,4,1.0,0.2378048780487804,1.791759469228055,-0.2231435513142097,5.288267030694535,0.6091370558375635,1.0,1.0
M-Защ-11,Многофакторная аутентификация,multi-factor authentication,mainstream,0.0699601549775706,6.71174039505618,4.9102008967744855,0.933639370208768,11,1.0,0.1644336175395858,2.833213344056216,0.3908663086870116,8.120291313968561,0.3820291579886938,1.0,12.0
M-Защ-16,SIEM,security information and event management,mainstream,0.1284669214140667,6.07073772800249,4.060443010546419,0.4769240720903093,11,0.9655172413793104,0.1273148148148148,0.0,-0.4054651081081644,5.459585514144159,0.376068376068376,1.0,11.0
M-Защ-17,EDR,endpoint detection and response,mainstream,0.2876125213622972,3.367295829986474,2.2335922215070942,1.9459101490553137,2,1.0,0.3928571428571428,0.6931471805599453,0.2876820724517808,4.875197323201151,0.4923076923076923,1.0,2.0
M-Защ-18,Безопасные многосторонние вычисления,secure multi-party computation,mainstream,0.1161922009051503,7.152268856032539,5.095793102436563,0.4643056081310978,11,1.0,0.1347962382445141,1.6094379124341005,0.2231435513142097,5.8664680569332965,0.2784090909090909,1.0,17.0
M-Защ-19,Доверенная среда исполнения,trusted execution environment,mainstream,0.1079824411852078,6.97354301952014,5.470869131746186,1.8873501932900765,11,1.0,0.2314901593252108,0.6931471805599453,0.2876820724517808,6.274762021241939,0.3132075471698113,1.0,8.0
M-Защ-20,Объяснимый ИИ,explainable AI,mainstream,0.1764592084308889,7.546446273746024,6.386317994621552,5.182345190295616,10,1.0,0.2905441098784997,3.091042453358316,0.1466034741918754,7.60887062919126,0.5399503722084368,0.0,0.0
M-Защ-23,Промпт-инъекции,prompt injection,mainstream,0.1181312545175538,2.6390573296152584,0.0,-0.6931471805599453,4,0.25,0.0,0.0,0.0,5.916202062607435,0.5162162162162162,0.0,0.0
M-Защ-24,Фреймворки управления ИИ,AI governance framework,mainstream,0.6621647300439323,2.995732273553991,1.8458266904983307,1.55814461804655,2,1.0,0.3157894736842105,0.0,0.0,3.295836866004329,0.4230769230769231,0.0,0.0
M-Защ-25,Приватное машинное обучение,privacy-preserving machine learning,mainstream,0.367946820432915,5.981414211254481,4.7303333289420975,3.631721040273988,6,1.0,0.3189873417721519,1.0986122886681098,0.4054651081081644,5.652489180268651,0.3838028169014084,0.0,0.0
H-Защ-01,Самосуверенная идентичность на блокчейне,self-sovereign identity,faded_hype,0.1325524256621625,5.777652323222656,4.584967478670572,4.297285406218791,4,1.0,0.2732919254658385,1.6094379124341005,0.1053605156578263,6.345636360828596,0.3181019332161687,1.0,1.0
H-Защ-02,Блокчейн для кибербезопасности,blockchain cybersecurity,faded_hype,0.6680914787651969,2.833213344056216,1.7346010553881064,1.7346010553881064,2,1.0,0.375,0.0,0.0,3.6375861597263857,0.6756756756756757,0.0,0.0
H-Защ-07,Когнитивная безопасность,cognitive security,faded_hype,0.5362341676393837,4.454347296253507,2.5902671654458267,0.7985076962177716,8,0.75,0.1294117647058823,0.0,0.0,2.70805020110221,0.3571428571428571,0.0,0.0
M-Инд-01,Предиктивное обслуживание,predictive maintenance,mainstream,0.0298711097781377,8.758883680017025,7.061905958809396,1.3492738688762118,11,1.0,0.1910147659440779,1.0986122886681098,-0.916290731874155,7.540621528657152,0.3884165781083953,1.0,16.0
M-Инд-02,Цифровой двойник,digital twin,mainstream,0.0772061847814587,9.063115652219658,7.87866045079617,4.728777497414921,11,1.0,0.2758980301274623,2.833213344056216,0.8873031950009027,7.757906208351747,0.5185976913210774,1.0,6.0
M-Инд-03,Автоматический визуальный контроль,automated visual inspection,mainstream,0.1806145998853767,5.755742213586912,3.5553480614894135,0.3232270098711923,11,0.8529411764705882,0.0888888888888888,0.0,0.0,3.58351893845611,0.2285714285714285,1.0,15.0
M-Инд-04,Промышленный интернет вещей,industrial internet of things,mainstream,0.0854594350955631,8.401108712395436,7.025834567047738,2.8565886966525196,10,1.0,0.2554482138845203,0.6931471805599453,-0.5596157879354228,5.616771097666572,0.3102189781021898,1.0,4.0
M-Инд-05,SCADA,SCADA,mainstream,0.0284025851806192,9.42197798310419,7.109607094828725,0.1429541745991021,11,0.9879807692307692,0.0997086435739721,0.6931471805599453,-0.4054651081081644,8.152774052744075,0.2237903225806451,1.0,19.0
M-Инд-06,MES,manufacturing execution system,mainstream,0.1048570107673268,7.201170883281678,4.77631844218392,0.1879553745122107,11,0.8345323741007195,0.085820895522388,0.0,0.0,5.147494476813453,0.2982456140350877,1.0,13.0
M-Инд-07,Роботизация процессов RPA,robotic process automation,mainstream,0.0574914112749058,7.200424892944957,5.926926025970411,3.890044098709371,6,1.0,0.2696041822255414,1.9459101490553132,-0.5389965007326869,7.165493475060845,0.3944315545243619,1.0,6.0
M-Инд-08,Автоматически управляемые тележки AGV,automated guided vehicle,mainstream,0.1321362026146847,7.690286020676768,5.762051382780177,0.7876191373478817,11,1.0,0.1386093321134492,0.0,0.0,5.111987788356544,0.2666666666666666,1.0,15.0
M-Инд-09,Программируемый логический контроллер,programmable logic controller,mainstream,0.0687282205215196,8.7157161275482,6.437751649736401,0.276544328041325,11,1.0,0.1126783664097097,0.0,-0.4054651081081644,6.186208623900494,0.3030927835051546,1.0,19.0
M-Инд-10,OPC UA,OPC UA,mainstream,0.1267904861344649,7.221105098182496,5.362855887685608,0.9725304501970312,11,0.9908675799086758,0.1580102414045354,0.0,-0.916290731874155,7.590852123688581,0.2632642748863062,0.0,0.0
M-Инд-12,Прогноз спроса машинным обучением,demand forecasting machine learning,mainstream,0.6056858025925488,1.791759469228055,0.9808292530117264,0.9808292530117264,0,0.5,0.0,0.0,0.0,2.302585092994046,0.6666666666666666,0.0,0.0
M-Инд-13,Аддитивное производство,additive manufacturing,mainstream,0.0444495573946406,10.842322248845178,9.207469588551165,1.3624451713096783,11,1.0,0.1955259195525919,1.3862943611198906,-0.8109302162163288,6.602587892189336,0.358695652173913,1.0,10.0
M-Инд-14,Коллаборативные роботы,collaborative robot,mainstream,0.2736694936001738,7.904334842085095,6.399703582098872,1.918586044780759,11,1.0,0.2234121122599704,0.0,0.0,5.958424693029782,0.3082901554404145,0.0,0.0
M-Инд-15,ERP,enterprise resource planning,mainstream,0.0284681374030579,9.13755460225053,6.635509014660196,-0.0186435055230234,11,0.8337155963302753,0.0780897063568893,0.6931471805599453,-0.4054651081081644,7.029087564149662,0.2632978723404255,1.0,20.0
M-Инд-16,Индустрия 4.0,Industry 4.0,mainstream,0.1352262719807201,10.179071739789771,8.807422018134595,2.9130191838697437,11,1.0,0.2597077244258872,1.791759469228055,-0.4054651081081644,7.121252453244542,0.406628940986257,0.0,0.0
M-Инд-17,Метод конечных элементов,finite element analysis,mainstream,0.0575169290210338,11.485256176472715,9.08949013727033,0.1464629220195684,11,1.0,0.0909735786984681,0.6931471805599453,0.2876820724517808,6.9782137426306985,0.2583955223880597,1.0,20.0
M-Инд-18,Топологическая оптимизация,topology optimization,mainstream,0.0402009640806471,9.425451751593128,7.361587181228008,0.5961638108236664,11,1.0,0.1234776998145011,0.0,-1.252762968495368,6.3561076606958915,0.3078260869565217,1.0,17.0
M-Инд-19,Системы управления энергопотреблением,energy management system,mainstream,0.296748154184347,9.344346651823916,7.255120353595092,0.408885931261205,11,1.0,0.1215778885681798,0.0,0.0,6.066108090103747,0.2627906976744186,0.0,0.0
M-Инд-20,Process mining,process mining,mainstream,0.0562518496293332,8.504310565585223,6.509762185712674,0.5917647904865642,11,1.0,0.1388044579533941,0.6931471805599453,-0.4054651081081644,7.094234845924755,0.3687707641196013,1.0,15.0
M-Инд-21,Статистическое управление процессами,statistical process control,mainstream,0.1067628876753863,8.690305809124883,6.361878017157228,0.2027826286652948,11,1.0,0.0977456258411843,0.6931471805599453,-0.2231435513142097,5.645446897643238,0.3439716312056737,1.0,17.0
M-Инд-22,WMS,warehouse management system,mainstream,0.0635437531364517,6.774223886357614,4.539742380665636,0.3756644804288601,11,1.0,0.1247139588100686,0.0,-0.4054651081081644,6.9874902470009905,0.2966728280961183,1.0,16.0
M-Инд-23,Оптимизация цепей поставок,supply chain optimization,mainstream,0.1471628972913154,6.8966943316227125,4.700480365792417,0.3101549283038394,11,1.0,0.1153846153846153,0.0,0.0,5.537334267018537,0.3873517786561264,1.0,15.0
M-Инд-24,Детекция аномалий на производстве,industrial anomaly detection,mainstream,0.5475830612861664,2.833213344056216,1.7346010553881064,1.7346010553881064,2,0.75,0.125,0.0,0.0,3.4657359027997265,0.4516129032258064,0.0,0.0
M-Инд-25,САПР,computer-aided design,mainstream,0.0452683757403179,10.122703400512355,7.954021087278037,0.4079268642309503,11,1.0,0.1187904100236938,0.6931471805599453,0.0,7.252762418053187,0.2480510276399716,1.0,20.0
H-Инд-01,Блокчейн в цепях поставок,blockchain supply chain,faded_hype,0.3561227496356477,3.7612001156935624,2.4849066497880004,1.97408102602201,10,1.0,0.238095238095238,0.0,-0.4054651081081644,5.198497031265826,0.2777777777777778,0.0,0.0
H-Инд-03,GE Predix,GE Predix,faded_hype,0.1270438661936604,2.4849066497880004,0.5108256237659906,-0.4700036292457357,6,0.25,0.0,0.0,0.0,4.290459441148391,0.0416666666666666,0.0,0.0
H-Инд-04,IBM Watson IoT,IBM Watson IoT,faded_hype,0.0504618373562591,3.871201010907891,1.992430164690206,1.2992829841302609,5,0.4210526315789473,0.1489361702127659,0.0,-0.4054651081081644,6.513230110912307,0.0950965824665676,0.0,0.0
H-Инд-05,Когнитивное производство,cognitive manufacturing,faded_hype,0.5133453210855102,3.610917912644224,2.268683541318364,1.575536360758419,11,0.6363636363636364,0.1666666666666666,0.0,0.0,0.6931471805599453,0.0,0.0,0.0
H-Инд-06,Домашняя 3D-печать,consumer 3D printing,faded_hype,0.216465278552107,3.6635616461296463,1.4663370687934272,-0.3794896217049035,7,0.6,0.131578947368421,0.0,0.0,1.9459101490553132,0.1666666666666666,1.0,7.0
H-Инд-07,Hyperloop,Hyperloop,faded_hype,0.0681872270040153,6.2324480165505225,4.581560320348958,1.6728394237845965,8,1.0,0.1909448818897637,3.1354942159291497,-0.3760512229018711,6.8001700683022,0.1382385730211817,1.0,9.0
H-Инд-08,4D-печать,4D printing,faded_hype,0.3082234612505901,6.994849985833071,5.568344503761097,2.2243055359388904,7,1.0,0.2385321100917431,0.6931471805599453,-0.4054651081081644,2.772588722239781,0.3333333333333333,1.0,4.0
M-Инф-01,GPU-кластеры,GPU cluster,mainstream,0.0213948295848509,7.257707677160043,4.77912349311153,-0.0935260580108233,11,0.6993464052287581,0.0747531734837799,0.6931471805599453,-0.916290731874155,6.956545443151569,0.325071496663489,1.0,15.0
M-Инф-02,Память HBM,high bandwidth memory,mainstream,0.2462588751794029,6.282266746896006,4.418840607796598,0.912282710476616,11,0.9550561797752808,0.1573033707865168,1.9459101490553132,0.6931471805599453,4.465908118654584,0.1976744186046511,1.0,7.0
M-Инф-03,InfiniBand,InfiniBand,mainstream,0.0188518096015243,7.152268856032539,4.295015257684252,-0.5776342934381011,11,0.574468085106383,0.0626959247648902,1.0986122886681098,0.4054651081081644,7.272398392570047,0.1250868658790827,1.0,19.0
M-Инф-05,Kubernetes,Kubernetes,mainstream,0.0071505920982255,7.611842399580417,6.315358001522335,3.270835563798912,6,1.0,0.2736269173676398,6.917705609835305,-0.5505222328022363,12.36542832723078,0.3181368578128331,1.0,7.0
M-Инф-06,Векторные базы данных,vector database,mainstream,0.4676179574423628,5.176149732573829,2.7300291078209855,-0.0631789016215316,11,0.6666666666666666,0.0738636363636363,3.1354942159291497,2.7300291078209855,7.372746366404328,0.627906976744186,0.0,0.0
M-Инф-07,RAG,retrieval-augmented generation,mainstream,0.3225475161345574,3.4339872044851463,2.268683541318364,1.7578579175523736,1,1.0,0.3333333333333333,0.6931471805599453,0.0,7.516977224604321,0.6931447225244831,0.0,0.0
M-Инф-09,TPU,tensor processing unit,mainstream,0.0967501264088351,5.272999558563747,4.048882188145344,3.5380565643793527,4,1.0,0.2577319587628865,0.6931471805599453,-0.8109302162163288,5.786897381366708,0.2769230769230769,1.0,5.0
M-Инф-10,NVLink,NVLink,mainstream,0.0437819235525496,4.77912349311153,3.1354942159291497,1.836211231798889,5,0.5625,0.1440677966101695,0.0,-0.4054651081081644,5.298317366548036,0.2562814070351759,1.0,7.0
M-Инф-11,RoCE,RDMA over Converged Ethernet,mainstream,0.2865394231335548,3.688879454113936,2.1972245773362196,1.6863989535702288,9,1.0,0.2307692307692307,0.0,0.0,3.6635616461296463,0.3157894736842105,1.0,10.0
M-Инф-12,Смесь экспертов,mixture of experts,mainstream,0.0799481388948123,6.922643891475888,5.0689042022202315,1.1839098691800047,11,1.0,0.1400394477317554,0.0,-0.916290731874155,6.559615237493242,0.3418439716312056,1.0,4.0
M-Инф-13,FlashAttention,FlashAttention,mainstream,0.2287084012581562,1.3862943611198906,0.6931471805599453,0.6931471805599453,1,1.0,1.0,0.0,0.0,4.74493212836325,0.4298245614035088,0.0,0.0
M-Инф-14,4-битная квантизация,4-bit quantization,mainstream,0.2347211396381919,4.787491742782046,2.9444389791664403,1.0473189942805592,11,0.5454545454545454,0.0924369747899159,0.0,0.0,4.30406509320417,0.4246575342465753,0.0,0.0
M-Инф-15,PUE,power usage effectiveness,mainstream,0.2268339995125372,5.631211781821365,3.4446824936018943,0.2125614419836728,11,0.8205128205128205,0.1115107913669064,0.0,0.0,2.70805020110221,0.2142857142857142,1.0,12.0
M-Инф-16,Гипермасштабные ЦОД,hyperscale data center,mainstream,0.2441421006319174,3.6375861597263857,2.302585092994046,1.7917594692280552,4,1.0,0.3513513513513513,0.0,-0.4054651081081644,2.5649493574615367,0.25,1.0,17.0
M-Инф-17,Бессерверные вычисления,serverless computing,mainstream,0.0508768121008364,6.661854740545311,5.396653267268898,4.415824014257172,5,1.0,0.2829705505761843,2.8903717578961645,-0.3285040669720361,7.913521017283895,0.3801683132089279,1.0,5.0
M-Инф-18,Параллелизм моделей,model parallelism,mainstream,0.2453826077274792,5.564520407322694,4.071871706370042,1.736496790553005,11,1.0,0.2192307692307692,0.0,-0.916290731874155,5.910796644040527,0.4130434782608695,0.0,0.0
M-Инф-19,Распределённое обучение,distributed deep learning training,mainstream,0.4259301569482104,3.688879454113936,2.538973871058276,2.538973871058276,3,1.0,0.4102564102564102,0.0,-0.4054651081081644,4.060443010546419,0.3333333333333333,0.0,0.0
M-Инф-20,Объектное хранилище,object storage,mainstream,0.0382427405305667,6.461468176353717,4.272025739459553,0.1888544778355776,11,0.945945945945946,0.107981220657277,3.713572066704308,-0.0240975515790605,9.2954165443313,0.2615045467070818,1.0,8.0
M-Инф-21,CDN,content delivery network,mainstream,0.030844449174711,7.823245690685523,5.685844773969534,0.2579622030668534,11,1.0,0.1601922306768121,1.3862943611198906,-0.2231435513142097,8.39773375137891,0.2089720468890892,1.0,17.0
M-Инф-23,Иммерсионное охлаждение,immersion cooling,mainstream,0.5280115429351787,5.945420608606575,4.007333185232471,0.6286086594223741,11,1.0,0.1102362204724409,1.6094379124341005,0.2231435513142097,2.5649493574615367,0.5,1.0,5.0
M-Инф-24,Чиплеты,chiplet,mainstream,0.1657756868231344,5.950642552587727,4.666578814116735,2.5070945647633622,11,1.0,0.2819843342036554,2.302585092994046,-0.4054651081081644,4.7535901911063645,0.4260869565217391,1.0,3.0
M-Инф-25,Кремниевые фотонные трансиверы,silicon photonics transceiver,mainstream,0.5593500622732661,4.90527477843843,2.538973871058276,0.082238098236972,11,0.7142857142857143,0.1044776119402985,0.0,-0.4054651081081644,0.6931471805599453,0.0,0.0,0.0
H-Инф-01,Hadoop,Hadoop,faded_hype,0.001496442812919,9.682591473762397,7.039368165784029,-0.5423514743412792,11,0.5269432522651407,0.0688493919550982,3.091042453358316,-0.916290731874155,11.25075518168717,0.1283517683299322,1.0,15.0
H-Инф-02,Intel Optane,Intel Optane,faded_hype,0.4619597470717372,4.852030263919617,3.680511204443419,3.680511204443419,4,1.0,0.2519685039370078,2.3978952727983707,0.2578291093020998,4.983606621708336,0.3034482758620689,0.0,0.0
H-Инф-03,Graphcore IPU,Graphcore IPU,faded_hype,0.4947030025783442,2.6390573296152584,1.6739764335716716,1.6739764335716716,1,1.0,0.2307692307692307,1.3862943611198906,-0.1177830356563835,3.332204510175204,0.5925925925925926,1.0,4.0
H-Инф-04,Filecoin,Filecoin,faded_hype,0.1014496787440339,3.6375861597263857,2.367123614131617,2.367123614131617,3,1.0,0.2972972972972973,3.1780538303479458,-0.2063364329978284,7.547501682814967,0.4691292875989445,1.0,4.0
H-Инф-05,OpenStack,OpenStack,faded_hype,0.0021644026116224,8.104401307921613,5.6926091740580755,-0.3734989160456718,11,0.5736434108527132,0.0891777509068923,2.0794415416798357,-1.4321038971511848,10.403747556197336,0.0831059365714632,1.0,11.0
H-Инф-06,Облачный бёрстинг,cloud bursting,faded_hype,0.1512845860735914,5.71042701737487,3.2321210516182215,-0.3039956479433048,11,0.4583333333333333,0.0697674418604651,0.0,0.0,4.465908118654584,0.1744186046511628,0.0,0.0
H-Инф-08,Озёра данных,data lake,faded_hype,0.0288233601769495,6.946013991099227,5.456744603142555,1.9806459133072825,11,1.0,0.2283236994219653,2.8903717578961645,-0.7339691750802004,8.9126079636709,0.388739224137931,1.0,6.0
M-Роб-01,Промышленный манипулятор,industrial robot arm,mainstream,0.1655669817796842,6.042632833682381,4.127134385045092,0.7713993774596934,11,1.0,0.1761904761904762,0.0,0.0,4.787491742782046,0.3277310924369748,1.0,15.0
M-Роб-02,Робот-пылесос,robotic vacuum cleaner,mainstream,0.1404794617733872,5.541263545158426,3.58351893845611,0.6747980418917489,11,1.0,0.1574803149606299,0.6931471805599453,0.0,5.631211781821365,0.2733812949640288,1.0,12.0
M-Роб-04,Безопасность коботов,collaborative robot safety,mainstream,0.7701913462915551,2.1972245773362196,0.9808292530117264,0.6931471805599455,1,1.0,0.375,0.0,0.0,0.6931471805599453,0.0,0.0,0.0
M-Роб-05,Хирургический робот,surgical robot,mainstream,0.1672310639131002,8.299534570332597,6.118831143028423,0.4329863690588891,11,1.0,0.1171350410345685,1.0986122886681098,0.4054651081081644,5.455321115357702,0.2832618025751073,1.0,11.0
M-Роб-06,Инспекция дронами,drone inspection,mainstream,0.4708155470480192,4.290459441148391,2.9618307218783095,2.268683541318364,4,0.85,0.2222222222222222,0.0,0.0,3.367295829986474,0.2142857142857142,0.0,0.0
M-Роб-07,SLAM,simultaneous localization and mapping,mainstream,0.0541718509516861,8.82864061741828,6.832313083815278,0.7186309039830473,11,1.0,0.1308233225900966,0.6931471805599453,0.2876820724517808,7.560080465021827,0.2449192287649817,1.0,17.0
M-Роб-08,ROS,Robot Operating System,mainstream,0.0275232110460529,8.138564737261632,6.359573868672378,1.0696247517948574,11,1.0,0.1688577271399357,1.0986122886681098,-0.6061358035703156,8.380685946761574,0.2552166934189406,1.0,13.0
M-Роб-09,Роботизированный захват,robotic gripper,mainstream,0.2804959570968408,7.226936018493289,5.378360074221573,0.9357088177312566,11,1.0,0.1636363636363636,0.0,-0.6931471805599453,5.575949103146316,0.3079847908745247,0.0,0.0
M-Роб-10,Boston Dynamics Spot,Boston Dynamics Spot,mainstream,0.2413070651185893,2.0794415416798357,1.203972804325936,1.203972804325936,1,1.0,0.4285714285714285,2.9444389791664403,-0.0512932943875505,4.31748811353631,0.5405405405405406,1.0,14.0
M-Роб-12,Гуманоидный робот,humanoid robot,mainstream,0.036097076671122,9.469777278987662,6.962874578203217,-0.0901347800984232,11,0.75115562403698,0.0751485224905485,3.367295829986474,1.0159205728229963,7.655864017616056,0.2215909090909091,1.0,19.0
M-Роб-13,Робот-курьер,sidewalk delivery robot,mainstream,0.7051296267832541,1.3862943611198906,0.5108256237659906,0.5108256237659906,0,0.5,0.0,0.0,0.0,1.3862943611198906,0.6666666666666666,0.0,0.0
M-Роб-14,Экзоскелет,exoskeleton,mainstream,0.0399792444385955,9.56836440548421,7.580869805791846,0.6451751581204678,11,1.0,0.1301034675615212,2.1972245773362196,-0.7731898882334817,6.745236349484363,0.2803297997644287,1.0,19.0
M-Роб-15,Телеуправление роботами,robot teleoperation,mainstream,0.3863083391961388,6.484635235635252,4.3652195163575005,0.5221893824163059,11,0.8767123287671232,0.0963302752293578,0.0,0.0,4.736198448394496,0.2566371681415929,0.0,0.0
M-Роб-16,Роботизированный отбор из корзины,bin picking,mainstream,0.1554705353831262,6.198478716492308,4.299550412849643,0.7731898882334819,11,0.8875,0.1425661914460285,0.0,0.0,5.225746673713202,0.3351351351351351,1.0,3.0
M-Роб-17,Агродроны-опрыскиватели,agricultural spraying drone,mainstream,0.6022082667880992,1.9459101490553132,1.0986122886681098,1.0986122886681098,1,1.0,0.6666666666666666,0.0,0.0,1.0986122886681098,0.0,0.0,0.0
M-Роб-18,Роботакси,robotaxi,mainstream,0.3647967197678813,3.871201010907891,2.6855773452501515,2.174751721484161,2,1.0,0.2765957446808511,3.332204510175204,0.2876820724517808,4.356708826689592,0.5064935064935064,1.0,6.0
M-Роб-19,Планирование движения,motion planning,mainstream,0.0318373644153934,9.341894811716484,7.26845544417049,0.5751317759005411,11,1.0,0.131521262604121,1.0986122886681098,-0.1541506798272583,8.522578663692576,0.2648229208117788,1.0,15.0
M-Роб-20,Имитационное обучение,imitation learning,mainstream,0.0814466030795314,7.890956716138919,6.3896812264913185,2.127001349450002,11,1.0,0.2107035928143712,1.0986122886681098,-1.252762968495368,7.781138509845015,0.2598162071846282,0.0,0.0
M-Роб-21,Симулятор Gazebo,Gazebo simulator,mainstream,0.0929940703760009,5.69035945432406,4.143134726391533,1.5281749483553346,9,1.0,0.2169491525423728,0.0,0.0,7.201170883281678,0.2343283582089552,1.0,2.0
M-Роб-22,Роботы-паллетайзеры,palletizing robot,mainstream,0.1270243289240463,5.204006687076795,2.5902671654458267,-0.1823215567939546,11,0.7272727272727273,0.0828729281767955,0.0,0.0,3.4011973816621555,0.2413793103448276,1.0,20.0
M-Роб-23,Больничные роботы доставки,hospital delivery robot,mainstream,0.5752991228090071,1.3862943611198906,0.0,-0.2876820724517809,0,0.5,0.0,0.0,0.0,0.6931471805599453,1.0,1.0,14.0
M-Роб-24,Роботы-газонокосилки,autonomous lawn mower,mainstream,0.3074858252752551,3.5263605246161616,1.6094379124341005,0.0,7,0.5714285714285714,0.0909090909090909,0.0,0.0,3.6635616461296463,0.1842105263157894,0.0,0.0
M-Роб-25,Визуальное сервоуправление,visual servoing,mainstream,0.0965368365558308,8.013343181386672,5.599655765447303,0.0675846684730413,11,1.0,0.0956953642384106,0.0,0.0,6.3473892096560105,0.2,1.0,13.0
H-Роб-02,Робот Pepper,Pepper robot,faded_hype,0.1028906459677858,5.241747015059643,3.784189633918261,2.9368917735310576,4,0.7169811320754716,0.1968085106382978,1.0986122886681098,1.0986122886681098,5.918893854273146,0.2398921832884097,1.0,7.0
H-Роб-03,Anki Vector,Anki Vector,faded_hype,0.0602137536681318,2.0794415416798357,1.203972804325936,1.203972804325936,1,1.0,0.4285714285714285,0.0,-1.3862943611198906,5.293304824724492,0.2676767676767677,1.0,18.0
H-Роб-04,Роботы телеприсутствия,telepresence robot,faded_hype,0.3139166567145299,6.634633357861686,4.503506532211591,0.3342606618163729,11,0.9456521739130436,0.1131578947368421,1.0986122886681098,-0.1541506798272583,5.521460917862246,0.1365461847389558,0.0,0.0
H-Роб-05,Робот Baxter,Baxter robot,faded_hype,0.04582203920921,5.983936280687191,4.037186148382152,0.5508309583796897,7,0.7564102564102564,0.1464646464646464,0.0,-0.4054651081081644,6.082218910376446,0.1189931350114416,1.0,9.0
H-Роб-06,Segway,Segway,faded_hype,0.0280157447258637,6.489204931325317,4.194692536056382,0.1873593508239117,11,0.8076923076923077,0.0943683409436834,2.302585092994046,-0.4700036292457356,6.9167150203536085,0.1587301587301587,1.0,20.0
H-Роб-07,Роботы-питомцы,robot pet,faded_hype,0.5535269807949215,5.049856007249537,3.028522096376982,0.6007738604289301,11,0.8823529411764706,0.0903225806451612,1.3862943611198906,1.3862943611198906,5.472270673671475,0.3164556962025316,0.0,0.0
M-Фин-01,Открытый банкинг,open banking,mainstream,0.0831568653427996,6.052089168924417,4.770684624465665,3.3043475556722375,8,1.0,0.2900943396226415,3.4011973816621555,0.2876820724517808,7.072421900537371,0.3106960950764006,1.0,7.0
M-Фин-02,Buy now pay later,buy now pay later,mainstream,0.5802708804514606,4.07753744390572,2.6390573296152584,1.540445040947149,9,1.0,0.1551724137931034,3.737669618283368,1.791759469228055,4.955827057601261,0.5673758865248227,1.0,0.0
M-Фин-03,Мобильные платежи,mobile payments,mainstream,0.1274637814752031,8.400884069015854,6.346220985224084,0.5104360639636354,11,1.0,0.1435955056179775,1.6094379124341005,-1.0986122886681098,7.133295954896068,0.1876996805111821,0.0,0.0
M-Фин-04,Мгновенные платежи,instant payments,mainstream,0.049667051353573,5.0689042022202315,3.506557897319982,1.966112856372833,8,0.7777777777777778,0.170886075949367,0.0,-0.916290731874155,8.324093761450404,0.1118660519291434,0.0,0.0
M-Фин-05,Робоэдвайзинг,robo-advisor,mainstream,0.0579837737354434,6.320768294250582,4.790265669664771,1.957052325608555,6,0.7984496124031008,0.1837837837837838,1.6094379124341005,-0.0953101798043249,6.982862751468942,0.4503249767873723,1.0,7.0
M-Фин-06,Кредитный скоринг машинным обучением,credit scoring machine learning,mainstream,0.7906100663130591,1.791759469228055,0.6931471805599453,0.4054651081081644,0,1.0,0.2,0.0,0.0,2.70805020110221,0.3571428571428571,0.0,0.0
M-Фин-07,Банковские чат-боты,banking chatbot,mainstream,0.181816801251516,2.5649493574615367,1.2992829841302609,1.2992829841302609,3,0.6,0.1666666666666666,0.0,-0.4054651081081644,5.003946305945459,0.1959459459459459,0.0,0.0
M-Фин-09,Цифровые валюты центробанков,central bank digital currency,mainstream,0.337930520470906,6.63200177739563,5.449606814094262,4.756459633534317,5,1.0,0.3087071240105541,3.4011973816621555,0.958850346292951,4.553876891600541,0.6170212765957447,1.0,4.0
M-Фин-10,Стейблкоины,stablecoin,mainstream,0.135730154789522,5.905361848054571,4.7847100998201695,4.273884476054179,3,1.0,0.3360655737704918,4.07753744390572,1.0094845087721025,7.690743163541872,0.522633744855967,1.0,3.0
M-Фин-11,RegTech,RegTech,mainstream,0.1839684380112614,6.068425588244111,4.715518243156957,3.1060803307228566,6,0.8294573643410853,0.2459396751740139,0.0,-0.916290731874155,4.962844630259907,0.3732394366197183,0.0,0.0
M-Фин-12,Необанки,neobank,mainstream,0.3700369529956872,4.174387269895637,3.044522437723423,3.044522437723423,2,1.0,0.375,2.4849066497880004,0.8754687373538999,4.6443908991413725,0.5631067961165048,1.0,3.0
M-Фин-13,Оплата по QR-коду,QR code payments,mainstream,0.2241796685212279,4.007333185232471,2.751535313041949,1.9042374526547456,3,1.0,0.3148148148148148,0.6931471805599453,0.0,4.77912349311153,0.2627118644067797,1.0,3.0
M-Фин-14,Антифрод на машинном обучении,fraud detection machine learning,mainstream,0.5691600495432139,2.1972245773362196,1.0986122886681098,1.0986122886681098,0,1.0,0.25,0.0,0.0,4.948759890378168,0.3785714285714285,0.0,0.0
M-Фин-15,Строгая аутентификация клиента PSD2,strong customer authentication,mainstream,0.0870449399607933,3.367295829986474,1.992430164690206,1.7047480922384253,3,0.75,0.1785714285714285,0.6931471805599453,-0.6931471805599453,5.303304908059076,0.395,1.0,8.0
M-Фин-16,ISO 20022,ISO 20022,mainstream,0.1015254339065323,4.02535169073515,2.1972245773362196,0.4054651081081644,11,0.9090909090909092,0.1636363636363636,0.0,0.0,5.521460917862246,0.2208835341365461,1.0,17.0
M-Фин-18,Токенизация карт,payment tokenization,mainstream,0.2869174356687885,4.07753744390572,2.3353749158170367,1.1314021114911006,10,1.0,0.2068965517241379,0.0,0.0,6.9650803456014065,0.333648393194707,0.0,0.0
M-Фин-19,P2P-кредитование,peer-to-peer lending,mainstream,0.0937628636290653,7.332369205929062,5.733341276897746,1.318524819400873,11,1.0,0.2048429319371727,1.0986122886681098,0.6931471805599453,7.489970898834801,0.5623253214086081,1.0,15.0
M-Фин-20,Криптобиржи,cryptocurrency exchange,mainstream,0.0286068243095413,6.0014148779611505,4.700480365792417,3.234143296998989,7,1.0,0.292803970223325,2.995732273553991,-0.5007752879124893,8.047829357457841,0.2866282789507358,1.0,16.0
M-Фин-21,Встроенные финансы,embedded finance,mainstream,0.8435428929675606,3.295836866004329,1.6094379124341005,0.7621400520468969,4,1.0,0.1538461538461538,1.0986122886681098,0.4054651081081644,2.4849066497880004,0.5454545454545454,0.0,0.0
M-Фин-22,Банкинг как сервис,banking as a service,mainstream,0.4302535371780762,7.674617497364363,5.542569881072482,0.4126711661494082,11,1.0,0.1087360594795539,1.6094379124341005,0.5108256237659907,3.737669618283368,0.5121951219512195,1.0,4.0
H-Фин-01,ICO,initial coin offering,faded_hype,0.0340015270479335,6.994849985833071,5.5053315359323625,5.5053315359323625,4,0.7318611987381703,0.2119266055045871,0.0,-0.4054651081081644,6.3818160174060985,0.2254237288135593,1.0,4.0
H-Фин-02,NFT-маркетплейсы,NFT marketplace,faded_hype,0.350976005409006,1.9459101490553132,0.8472978603872036,0.3364722366212129,0,0.3333333333333333,0.0,3.1354942159291497,2.7300291078209855,7.742835955430749,0.9500868055555556,0.0,0.0
H-Фин-06,STO,security token offering,faded_hype,0.2547744403511169,4.1588830833596715,3.028522096376982,3.028522096376982,3,1.0,0.365079365079365,0.0,0.0,3.9889840465642745,0.2452830188679245,1.0,2.0
H-Фин-07,Play-to-earn,play-to-earn,faded_hype,0.6528761145102803,3.5553480614894135,1.6094379124341005,0.1431008436406732,8,0.5,0.088235294117647,3.091042453358316,3.091042453358316,5.455321115357702,0.8497854077253219,0.0,0.0
