topic,name,n,domain,domain_share,birth_year,growth,accel,recent_share,precedent_gap,cross_domain,drift,org_diversity,country_entropy,china_share_recent,china_delta,top_orgs,top_countries,counts,examples,log_n,weak_signal_score,strong_trend_score
51,"aviation, saf, jet, fuel, sustainable aviation, aviation fuel",53,lng_gaschem,0.49056603773584906,2022,1.7227665977411037,0.9808292530117262,0.8113207547169812,0.5186046957969666,0.505660355091095,,1.0,3.0518528220404053,0.0392156862745098,0.0392156862745098,Cranfield University; Trinity College Dublin; Free University of Bozen-Bolzano,DE:8; GB:7; US:6; IT:4,0 1 1 0 0 0 2 6 5 5 15 27,"Comparative techno-economic assessment of CO2-based SAF pathways: Fischer-Tropsch, methanol-to-jet and ethanol-to-jet across three global regions: EU, USA and Middle East | The green energy transition in air transport – an analysis of supply chains for hydrogen and sustainable aviation fuels | Technology exploration of zero-emission regional aircraft: Why, what, when and how?",3.970291913552122,4.619899818498047,0.5573525184951041
63,"adsorption, dac, adsorbents, capture, air capture, direct air",61,ccus_methane,0.9836065573770492,2022,1.5314763709643886,1.1293839473348637,0.7377049180327869,0.6799999475479126,0.032786883413791656,0.06851577758789062,1.0,2.51325487739573,0.2033898305084746,-0.12994350282485873,Georgia Institute of Technology; Imperial College London; Zhejiang University,CN:19; US:18; GB:7; KR:6,2 2 2 1 1 2 2 4 10 7 17 16,Sustainable Porous Carbon Derived from Lignin for High‐Performance CO 2 Capture | Recent advances in sorbent materials for direct air capture of CO2 | Stability of Adsorbents for Direct Air Capture (DAC): Challenges and Perspectives,4.110873864173311,4.139931560102875,0.45120275762450524
39,"zeolite, zeolites, adsorption, 13x, zsm, air",43,ccus_methane,1.0,2022,1.7491998548092593,0.5108256237659907,0.813953488372093,0.6000000238418579,0.013953489251434803,,1.0,2.701613588506911,0.26,0.029230769230769227,Huazhong University of Science and Technology; Jilin University; State Key Laboratory of Inorganic Synthesis and Preparative Chemistry,CN:16; US:8; KR:4; ES:4,0 1 0 2 1 0 0 4 4 5 11 22,Zeolites for CO2 capture – An overview | Honeycomb-like Mordenite Zeolite Monoliths with Hierarchical Porosity for Promoting Direct Air Capture of CO 2 | Combined aperture widening and strong polarization in Li+-exchanged mordenite for efficient direct air capture of CO2,3.7612001156935624,3.7249856796587184,0.3384979317011312
60,"moisture, moisture swing, swing, sorption, exchange, anion",34,ccus_methane,1.0,2023,1.6486586255873819,-0.13353139262452252,0.8529411764705882,0.6896551847457886,0.0,,1.0,2.1419210953427514,0.12195121951219512,-0.30662020905923343,Arizona State University; Northern Arizona University; Northwest University,US:17; CN:8; GB:6; AU:3,1 0 1 0 1 1 0 1 3 7 13 9,CO 2 Sorption in Moisture Swing Anion Exchange Resins for Direct Air Capture: Experimental Isotherm Determination and Modeling | Moisture Swing Adsorption Materials for Direct Air Capture: A Critical Review | Spatially Mapping the CO 2 Alkaline Sorbent Diffuse Microenvironment Using Operando Raman Spectroscopy,3.5263605246161616,3.6030358766460653,-0.09741131970537786
36,"plasma, clusters, n2, ammonia, nh3, nitrogen",49,hydrogen,0.8775510204081632,2020,1.4403615823901663,0.667829372575655,0.7959183673469388,0.607692301273346,0.12448980659246445,,1.0,2.4308688942843317,0.37037037037037035,0.12037037037037035,King Abdullah University of Science and Technology; Warsaw University of Technology; Jilin University,CN:23; US:7; PL:6; SA:4,0 0 0 1 1 4 1 3 12 9 14 6,"Plasma-assisted ammonia synthesis utilizing water as a hydrogen source: progress, challenges, and prospects | Fast hydrogen production from ammonia cracking in a rotating gliding arc plasma reactor | Plasma-Assisted Ammonia Conversion: Mechanisms, Reactor Physics and Emerging Directions",3.8918202981106265,3.379686888576231,0.04849020217083644
65,"hydrogen, green, green hydrogen, blue, energy, production",102,hydrogen,0.8137254901960784,2020,1.3862943611198906,-0.1809619372779152,0.7352941176470589,0.6013333201408386,0.2705882489681244,,1.0,3.538862308405805,0.04950495049504951,-0.0111011101110111,University of Calgary; SINTEF; SINTEF Industry,US:14; GB:8; DE:7; CN:7,1 1 2 0 0 4 8 11 15 20 22 27,"Economic evaluation and catalyst design for hybrid water electrolysis systems | Deployment of a green hydrogen-based energy solution for the hard-to-abate steel sector | A techno-economic, carbon intensity, and policy assessment of hydrogen production in the United States",4.624972813284271,3.230817546098073,0.872247125460823
70,"ni, catalyst, carbon, pyrolysis, methane pyrolysis, methane",72,hydrogen,1.0,2016,1.3862943611198906,0.7295148247308199,0.7777777777777778,0.6035714745521545,0.02361111156642437,0.030020058155059814,1.0,3.026209083140506,0.11764705882352941,-0.09287925696594426,National University of Singapore; Interface (United States); Stanford University,US:14; CN:12; RU:7; IN:5,0 3 1 3 2 1 4 2 6 8 23 28,"Supported Transition Metals for Catalytic Decomposition of Methane: Advances, Challenges, and Outlook | Coproduction of Hydrogen and Steelmaking Feedstock via Catalytic Methane Pyrolysis over Apricot Shell Char-Supported Iron Catalysts | A Raman spectroscopic study of carbon nanomaterial synthesis under varying gas environments on Cu, Ni, Fe, and Ga catalysts via thermal and plasma-enhanced CVD of methane",4.276666119016055,3.2116872627367177,0.44340001561358444
11,"hydrogen, embrittlement, hydrogen embrittlement, steel, steels, fracture",316,hydrogen,0.9746835443037974,2016,2.0014800002101243,-0.010158438118348823,0.8291139240506329,0.6381679177284241,0.03512658178806305,0.015414535999298096,1.0,3.1711911751926944,0.247557003257329,0.169432003257329,"China University of Petroleum, East China; National Academy of Sciences of Ukraine; G.V. Karpenko Physical-Mechanical Institute",CN:81; CA:33; US:31; AU:20,1 4 1 7 12 5 5 19 36 57 89 120,Hydrogen-assisted fatigue crack growth of pipeline steels under gaseous hydrogen pressure: A unified anisotropic phase-field model | Oxygen-mediated inhibition of gaseous hydrogen embrittlement in pipeline steels: sub-size specimen testing and coupled diffusion-damage modeling | The role of pearlite lamellae spacing on hydrogen permeation,5.755742213586912,2.6513777216842995,3.162516456444079
53,"ccus, capture, carbon capture, carbon, ccs, technologies",54,ccus_methane,1.0,2021,1.5581446180465497,-0.9162907318741553,0.7592592592592593,0.6146341562271118,0.025925926864147186,,1.0,3.030512232948297,0.1111111111111111,-0.04273504273504275,National Energy Technology Laboratory; Research Institute of Petroleum Exploration and Development; Southwest Petroleum University,US:12; CN:7; GB:3; IN:3,0 1 0 2 0 2 3 5 4 14 17 9,"Capturing carbon, creating value: unlocking carbon capture and storage and carbon capture and utilization for a net‐zero future | Advancements in CO2 Capture and Storage: Technologies, Performance, and Strategic Pathways to Net-Zero by 2050 | Carbon Capture and Storage",3.9889840465642745,2.6118749545986426,0.3400572607138579
30,"ammonia, combustion, engine, fuel, ignition, engines",107,hydrogen,0.9626168224299065,2015,1.9740810260220096,-0.4262558777772383,0.822429906542056,0.5704545378684998,0.035514019429683685,0.023217499256134033,1.0,2.87052527875558,0.32456140350877194,0.15789473684210528,Tianjin University; Beijing Institute of Technology; Harbin Engineering University,CN:41; US:11; GB:10; PL:7,3 0 1 0 1 5 1 8 16 26 27 28,Computational analysis of performance and emissions of spark-ignition engines fueled with ammonia/hydrogen blends | Numerical investigation on energy fraction effect of ammonia/hydrogen/diesel mixture on combustion characteristics | Potential of green ammonia as a carbon-free fuel: Integrated hydrogen-ammonia-dme multi-fuel strategies for road transport IC engines,4.672828834461906,2.4484456695723487,1.7892003769305902
16,"detection, leak, leak detection, leaks, pipeline, learning",62,pipelines,0.9838709677419355,2022,2.0149030205422647,-0.9190646587568803,0.8709677419354839,0.5759259462356567,0.022580645978450775,,1.0,2.505378645552906,0.4603174603174603,0.38888888888888884,Northeast Petroleum University; Tsinghua University; Beijing Information Science & Technology University,CN:30; US:6; KR:4; IN:4,0 0 0 1 1 0 2 4 7 18 17 18,Anomaly Detection in Pipeline Operations Using Unsupervised and Semi-Supervised Learning | Application of real-time data lake technology in oil and gas pipeline SCADA system | DeepPipeNet enables deep learning based anomaly detection for oil and gas pipeline monitoring,4.127134385045092,2.353514989777411,1.1769132947085348
12,"digital, twin, digital twin, twins, digital twins, ai",52,pipelines,0.9230769230769231,2021,1.1314021114911006,-0.705569700558503,0.8076923076923077,0.6095237731933594,0.18269230425357819,,1.0,2.628618276469798,0.27906976744186046,0.18816067653276955,Hamad bin Khalifa University; Qatar University; Teesside University,CN:13; US:6; GB:5; CA:4,0 0 0 0 1 2 4 3 1 8 19 21,Evolutionary Digital Twin for Oil and Gas Pipelines: A Cognitive Multi-Agent Framework with Continuous Feedback Learning | Federated edge-AI for reliable and privacy-preserving pipeline leak detection in drone swarms using neutrosophic sugeno-weber norms | The Rise of Robotics in Oil and Gas,3.9512437185814275,2.178492052439371,-0.32935433621420396
74,"microwave, pyrolysis, heating, methane pyrolysis, carbon, methane",34,hydrogen,0.9411764705882353,2017,1.5686159179138455,-0.48242614924429295,0.7352941176470589,0.5040000081062317,0.07941175997257233,,1.0,2.5893224947626337,0.14285714285714285,0.14285714285714285,University of Toronto; University of Alberta; West Virginia University,CA:10; CN:5; US:4; FR:3,0 1 3 0 0 2 0 3 4 8 9 6,"915 MHz microwave heated fluidised-bed reactor for methane pyrolysis: Design, risk assessment and operational performance | Hydrogen production via microwave-assisted pyrolysis – A review | Scale-Up of Microwave Heated Fluidised-Bed Reactor for Methane Pyrolysis: Design, Risk Assessment and Operational Performance",3.5263605246161616,2.1539326230918516,-0.21425498287243672
48,"fuels, fuel, maritime, shipping, alternative, marine",138,lng_gaschem,0.5797101449275363,2016,1.245937003424968,0.12594122335784697,0.6811594202898551,0.5053191184997559,0.32101452350616455,0.019078552722930908,1.0,3.352288910878263,0.088,0.02917647058823529,Liverpool John Moores University; Chalmers University of Technology; Zonguldak Bülent Ecevit University,US:20; GB:19; CN:14; IT:12,1 3 4 2 4 9 5 16 19 22 29 36,"Comparison of ammonia with methanol, liquefied natural gas and conventional marine transportation fuels through life cycle cost and emissions analysis | Towards green marine engines: A review of methanol fueled internal combustion engine | Alternative Maritime Fuels for Net-Zero Shipping: A Comprehensive Operational, Techno-Economic and Regulatory Review",4.927253685157205,2.0894582250954974,1.039536700570899
59,"methanol, methanol production, production, methanol synthesis, reforming, synthesis",82,lng_gaschem,0.8292682926829268,2017,1.076139432816051,-0.4734698372222219,0.6341463414634146,0.5211538076400757,0.3548780679702759,0.017100512981414795,1.0,3.261695110076917,0.1724137931034483,0.13908045977011496,Universidad de Sevilla; Hamad bin Khalifa University; Concordia University,CN:11; US:8; CA:7; ES:6,2 2 4 1 3 5 4 9 11 16 14 16,"A review of recent advances on the path towards a greener methanol industry | Evaluating greenhouse gas emissions in methanol production: A life cycle approach for a sustainable additive industry | Environment, social and governance integrated process design for global decentralised sustainable methanol production",4.406719247264253,2.02310710449942,0.15077209945268
66,"hydrogen, hydrogen production, production, economic, techno, techno economic",104,hydrogen,0.9134615384615384,2021,1.402823663071101,0.2001669171139655,0.7019230769230769,0.46986299753189087,0.16730770468711853,,1.0,3.368014629411133,0.0660377358490566,0.026037735849056602,Saveetha University; University of Technology Malaysia; The University of Western Australia,US:15; AU:12; DE:11; CA:10,1 0 1 1 2 2 8 16 20 18 20 22,"Algerian green hydrogen production: A review of potential, main challenges and valorization routes | Technoeconomic analysis of hydrogen storage using 1,4-butanediol (BDO)/γ-butyrolactone (GBL) as a stationary backup power system | Hydrogen in transition: Comparative analysis of technologies, innovations, and global strategies for decarbonization",4.6443908991413725,1.9580884994823382,0.9202842578746266
31,"flame, combustion, ammonia, nh3, nox, laminar",188,hydrogen,0.9680851063829787,2017,1.4947750041139605,0.43610207757005437,0.7446808510638298,0.5699999928474426,0.03617021068930626,0.013110697269439697,1.0,2.88544720045793,0.3027027027027027,0.02145270270270272,Zhejiang University; SINTEF; Norwegian University of Science and Technology,CN:74; US:29; JP:15; DE:15,2 2 5 4 6 3 12 14 28 29 47 54,Ammonia-Fueled Power Generation for Energy Transition | Combustion characteristics and mechanisms of ammonia and ammonia-hydrogen blends: A review and future pathways in the big data era | An experimental study on CH4–H2–NH3 fuel blends: flame stability and emission reduction in a combustor,5.236441962829949,1.8796887064962036,1.783465255664036
71,"plasma, pyrolysis, methane, methane pyrolysis, plasma pyrolysis, arc",65,hydrogen,0.9846153846153847,2022,1.504077396776274,-0.49062291644847056,0.7076923076923077,0.5217391848564148,0.0323076955974102,0.026536881923675537,1.0,2.9357491288349906,0.0967741935483871,-0.033660589060308554,"Ruhr University Bochum; Centre Procédés, Energies Renouvelables et Systèmes Energétiques; Korea Institute of Machinery & Materials",US:13; CN:9; RU:9; DE:7,2 2 1 2 2 1 2 7 9 13 11 20,Modeling and techno-economic analysis of methane pyrolysis via arc plasma for hydrogen and carbon black production | Towards plasma-assisted methane pyrolysis for hydrogen production: A review | Simulation of Methane Pyrolysis Using Direct Current Thermal Plasma with Computational Fluid Dynamics Incorporating Chemical Kinetics,4.174387269895637,1.790328971501618,0.4894065295056864
67,"hydrogen, carriers, energy, transport, supply, hydrogen carriers",118,hydrogen,0.9576271186440678,2020,1.245937003424968,-0.20763936477824485,0.7372881355932204,0.5528735518455505,0.0771186500787735,0.028101801872253418,1.0,3.1481815662298827,0.07079646017699115,-0.02295353982300885,RWTH Aachen University; Qatar University; National Laboratory of the Rockies,DE:20; US:13; AU:12; KR:11,0 2 1 2 2 7 9 8 12 23 35 26,Perspective on the Technology Status of Chemical Hydrogen Carriers for Ship‐Based Energy Import | Hydrogen logistics network design for hydrogen fuel cell electric long-haul trucks | Optimizing hydrogen supply chain networks for climate change mitigation: a multi-objective MILP framework with carbon pricing and geographic advantages,4.770684624465665,1.638490308402404,0.8467635202846797
64,"smr, reforming, hydrogen production, blue, steam, blue hydrogen",65,ccus_methane,0.5692307692307692,2018,0.7827593392496325,-0.10227884912041807,0.6,0.4615384638309479,0.4292307496070862,0.016290605068206787,1.0,2.9984699619550694,0.0,0.0,SINTEF; Norwegian University of Science and Technology; SINTEF Industry,US:15; GB:11; NO:8; CA:7,0 0 2 4 4 5 4 7 9 11 12 10,Compact and Efficient CO₂ Capture with OASE® Technology | Intensification of natural gas reforming: Feasibility assessment of a novel technology for blue hydrogen production | Integrated Techno-Economic Assessment of Blue Hydrogen Production via Steam Methane Reforming and Autothermal Reforming with Carbon Capture,4.174387269895637,1.5161135093528273,-0.5635494061394666
35,"membrane, reactor, ammonia, membrane reactor, pi, decomposition",35,hydrogen,0.9714285714285714,2023,0.9650808960435869,-0.08515780834030662,0.7428571428571429,0.5076923370361328,0.05428571626543999,,1.0,2.5591655248343828,0.23333333333333334,0.011111111111111127,Eindhoven University of Technology; Meiji University; Colorado School of Mines,CN:9; JP:5; US:4; NL:4,1 1 0 0 1 2 2 2 4 6 8 12,Hydrogen production through ammonia decomposition: comparative modelling analysis of conventional and membrane reactor configurations | RuKY Catalyst‐Packed Permeation Membrane for Quantitative Ammonia and d3‐Ammonia Dehydrogenation to Ultrapure Hydrogen | Advances in process intensification and reactor engineering for hydrogen production from ammonia decomposition,3.5553480614894135,1.4872979877659804,-1.0595847424718556
20,"methanation, conversion, capture, dual function, dfms, ru",67,ccus_methane,0.9253731343283582,2018,1.3156767939059373,0.5025268209512954,0.7014925373134329,0.4489361643791199,0.11641789972782135,0.020507216453552246,1.0,2.42713964096967,0.203125,0.15964673913043478,Columbia University; University of Surrey; Southeast University,US:26; CN:14; GB:7; ES:5,1 1 2 3 0 3 5 5 9 10 19 14,"Alkali (Na, K)-promoted Ru/hydrotalcite dual function materials for integrated CO2 capture and methanation: A parametric study | Mechanistic understanding of the direct air capture and conversion of CO2 using Ru-K2CO3 based dual functional materials | Dual-functional materials and pilot demonstration of integrated CO2 capture and conversion",4.204692619390966,1.3558829367249696,0.2516986233805702
75,"pyrolysis, methane pyrolysis, methane, carbon, solid carbon, hydrogen",69,hydrogen,0.927536231884058,2020,0.8754687373538999,-0.24709679233670245,0.7681159420289855,0.5452829599380493,0.09710144996643066,,1.0,2.8922165427849538,0.0847457627118644,0.0847457627118644,Samara State Technical University; Fritz Haber Institute of the Max Planck Society; Max Planck Institute for Chemical Energy Conversion,US:12; DE:8; CA:6; RU:6,0 0 0 0 1 4 7 4 11 12 10 30,Earth-Driven Hydrogen: Integrating Geothermal Energy with Methane Pyrolysis Reactors | Methane Pyrolysis for Low-Carbon Syngas and Methanol: Economic Viability and Market Constraints | Increasing the circularity of methane pyrolysis by using the solid carbon co-product in cements: a plant-scale study,4.23410650459726,1.3288990373115739,-0.3546869691877844
26,"electrochemical, capture, air, direct air, air capture, direct",92,ccus_methane,0.9891304347826086,2020,1.540445040947149,-0.35944887082145716,0.8043478260869565,0.5513513684272766,0.02282608672976494,,1.0,2.170447090950388,0.1797752808988764,0.12421972534332085,Massachusetts Institute of Technology; University of Toronto; Harvard University,US:39; CN:17; NL:8; CA:8,0 0 0 0 1 4 4 9 8 18 27 32,Improved Electrochemical Direct Air Capture by an Extended Absorption Layer | Electrochemical Strategies for CO 2 Capture: Synergistic Integration of Bipolar Membrane Electrodialysis and Capacitive Deionization Across Diverse Carbon Sources | Electrified release of pure CO 2 from postcapture liquid: A two-stage system lowers the total energy cost,4.5217885770490405,1.21202539075287,0.9702271643993678
50,"methanol, meoh, electrolysis, dac, air, production",42,ccus_methane,0.9047619047619048,2018,0.9382696385929304,-0.22825865198097994,0.6190476190476191,0.4961538314819336,0.14047618210315704,,1.0,2.4736711625062124,0.10526315789473684,0.05764411027568922,RWTH Aachen University; Deutsches Zentrum für Luft- und Raumfahrt e. V. (DLR); Forschungszentrum Jülich,US:12; DE:10; CA:7; GB:6,1 1 0 3 2 2 2 5 2 6 12 9,Advancing synthetic fuel technology: A model study for the integration of direct air carbon capture and diesel synthesis | Direct air capture enables sustainable methanol production in water-scarce regions | Methane Synthesis from Air via Integrated Direct Air Capture and Electrolysis: A Techno-Economic Analysis,3.7376696182833684,1.209555206230516,-0.8742423839892225
34,"ammonia, ammonia production, energy, production, green, green ammonia",230,hydrogen,0.6521739130434783,2015,1.0663514264498881,0.05810763080728121,0.6782608695652174,0.4961538016796112,0.2865217328071594,0.01597583293914795,1.0,3.3967626419445898,0.14795918367346939,0.08466804443296305,Monash University; Hiroshima University; SINTEF,CN:34; US:24; KR:20; GB:17,5 1 5 3 6 12 21 21 30 38 51 56,"Hydrogen production from wastewater via ammonia gas recovery | Techno-economic analysis of hydrogen-to-power, ammonia-to-power pathway with biomass-to-power integration | Recent Advances and Challenges in Ammonia‐Hydrogen Energy Conversion",5.438079308923196,1.1772107051265548,1.4063296635842786
57,"direct air, air capture, direct, air, capture, swing",91,ccus_methane,1.0,2019,1.2192402764567243,0.42381424677636126,0.7582417582417582,0.5101450085639954,0.002197802299633622,0.030010640621185303,1.0,2.416146810916773,0.449438202247191,0.24254165052305307,Zhejiang University; Shanghai Jiao Tong University; State Key Laboratory of Clean Energy Utilization,CN:46; US:17; JP:8; GB:7,1 1 1 1 5 3 2 8 9 11 21 42,"Challenges in reticular material chemistry for developing direct air CO2 capture crystalline porous solid adsorbents: current advances and future directions | Direct air capture with solid sorbents: Adsorbent design, process engineering, and CO2 conversion | Direct air capture enabled by low-grade thermal energy via hot water regeneration of a ligand-exchange sorbent",4.51085950651685,1.1277887140980798,0.4878869645320514
61,"nec, dehydrogenation, hydrogen storage, hydrogenation, al2o3, hydrogen",34,hydrogen,1.0,2020,0.7375989431307793,-0.5232481437645484,0.6764705882352942,0.508695662021637,0.0235294122248888,,1.0,2.8619243523520326,0.11538461538461539,-0.009615384615384609,Aarhus University; Chinese Academy of Sciences; Dalian Institute of Chemical Physics,KR:6; CN:6; DE:5; AU:5,0 0 0 0 2 3 3 3 5 8 7 4,A Multipurpose Hydrogen Storage System Using AB5– and AB2–Type Metal Hydrides for Flexible Hydrogen Storage and Delivery | Impact of catalyst type on the techno-economics of dibenzyl toluene as a liquid organic hydrogen carrier | Towards a low-carbon future: A comprehensive review of advances in hydrogen storage and export technologies for global deployment,3.5263605246161616,1.0460748887322542,-1.4273457229269921
1,"hydrogen, blending, natural gas, natural, blended, gas",436,hydrogen,0.9334862385321101,2016,2.1541650878757723,0.06552422846233075,0.8509174311926605,0.5512129664421082,0.060779817402362823,0.027500450611114502,0.9541284403669725,2.342844998709973,0.5466970387243736,0.22923672126405614,"China University of Petroleum, Beijing; Southwest Petroleum University; China University of Petroleum, East China",CN:260; US:42; GB:18; CA:17,0 3 2 3 5 10 11 31 55 77 115 186,Comprehensive performance analysis of static mixers used in hydrogen-blended natural gas | The Effect of Heterogeneous Backfill Soil on Leakage Behavior of Hydrogen-Blended Natural Gas Pipelines | Blending hydrogen in existing natural gas pipelines: Impact of reduced JR-Curve slope on the pipeline integrity,6.077642243349034,1.0180140216725333,3.781735354065458
62,"adsorption, tvsa, swing adsorption, vacuum, swing, air",44,ccus_methane,1.0,2020,0.6931471805599453,0.5596157879354229,0.6590909090909091,0.4758620858192444,0.004545454401522875,,1.0,2.6096131762058774,0.08108108108108109,0.08108108108108109,Heriot-Watt University; University of Twente; ETH Zurich,GB:10; US:8; NL:7; CH:6,0 0 0 2 0 5 3 5 6 5 8 15,Leveraging the phase change of water for energy efficient direct air capture | Rapid Steam‐Assisted Temperature Swing Adsorption for Direct Air Capture Using a Rotary Adsorber | Multistage steam recovery for CO2 direct air capture via S-TVSA: Enhanced solid sensible heat recovery through stepwise phase-change integration,3.784189633918261,0.9973563112869767,-1.1747869027572877
73,"pyrolysis, waste, biomass, products, bio, bio oil",128,hydrogen,0.9375,2015,1.0198314108149953,0.28768207245178123,0.5625,0.4138888716697693,0.13750000298023224,0.02231234312057495,1.0,3.473437252378332,0.10344827586206896,-0.00044782803403493887,Chinese Academy of Sciences; Zhejiang University; Saveetha University,CN:17; US:15; IN:14; GB:8,6 10 2 2 6 6 7 17 15 17 26 21,Effect of Pyrolysis Temperature on Chemical Structure and Thermal Stability of Digestate-Based Biochar | Catalytic Pyrolysis of Polypropylene (PP) as a Way to Gasify Waste Plastic into the Fuel for SOFC | Recycling melanoidin by-products to promote green hydrogen and short-chain gaseous hydrocarbons recovery from thermal-hydrolyzed sludge pyrolysis: Unveiling the key role of active N species,4.852030263919617,0.7925281994798763,0.6168576832408644
47,"decomposition, ammonia, ammonia decomposition, catalysts, ru, catalyst",167,hydrogen,1.0,2016,1.4441139320087168,-0.2569104137850271,0.7425149700598802,0.528225839138031,0.002994012087583542,0.015171051025390625,1.0,2.628008596766903,0.379746835443038,0.12520138089758348,Chinese Academy of Sciences; Dalian Institute of Chemical Physics; University of Chinese Academy of Sciences,CN:74; JP:17; US:15; KR:15,2 3 2 3 4 7 7 15 23 31 32 57,Intrinsic and Dynamically Generated Nitrogen Vacancies Boost Ammonia Decomposition over Ru/TiN Catalyst | Low-cost efficient CeO2/γ-Al2O3 catalyst for thermo-catalytic decomposition of ammonia for hydrogen production | Bimetallic transition metal catalysts for hydrogen release from ammonia,5.117993812416755,0.7307028821656865,1.563674507512494
55,"molten, pyrolysis, methane pyrolysis, bubble, methane, molten metal",119,hydrogen,0.9831932773109243,2015,1.3437347467010947,0.2513144282809061,0.7226890756302521,0.45232561230659485,0.029411764815449715,0.014124393463134766,0.9747899159663865,2.7644156879132913,0.12871287128712872,0.12871287128712872,"University of California, Santa Barbara; Korea Institute of Industrial Technology; The University of Queensland",KR:25; US:22; CN:13; DE:10,3 1 0 2 3 6 6 12 26 20 20 30,Plasma Pyrolysis of Methane in a Molten-Metal Bubble Reactor | Revealing the hydrodynamic braking effect in novel counter-current gas-lift reactors: A framework for thermally self-sustained methane pyrolysis | Plasma-catalytic methane pyrolysis for hydrogen and graphitic carbons,4.77912349311153,0.6687086963589987,0.999915613200235
28,"sofc, fuel, ammonia, sofcs, solid oxide, oxide fuel",62,hydrogen,0.8709677419354839,2018,0.6286086594223741,0.28376817313064495,0.6129032258064516,0.428947389125824,0.14677418768405914,0.016483783721923828,1.0,3.0218040063337974,0.21311475409836064,-0.01765447667087014,Korea University of Science and Technology; Monash University; Commonwealth Scientific and Industrial Research Organisation,CN:19; KR:9; AU:7; US:5,1 1 1 3 5 5 3 5 4 7 16 16,"Hydrogenous solid oxide fuel cells: role and evolution of anode materials | Solar- and biomass-assisted hybrid solid oxide fuel cell, thermophotovoltaic, and photovoltaic system for sustainable ammonia and synthetic natural gas production: multi-objective LCA-TEA optimization | Direct ammonia solid oxide fuel cells: a comprehensive review of principles, materials, and recent advances",4.127134385045092,0.6620013492882566,-0.8467527716836553
13,"das, fiber, sensing, distributed, acoustic, optic",171,pipelines,0.9766081871345029,2015,1.4733057381095205,0.6270073780554006,0.7426900584795322,0.4700787663459778,0.023976607248187065,0.022327840328216553,1.0,2.207825951932283,0.5,0.0,Nanjing University; Xi'an University of Science and Technology; Wuhan University of Technology,CN:92; US:20; DE:6; GB:6,3 0 5 6 5 4 10 11 25 24 44 51,Recent Advances in Ultra-Weak Fiber Bragg Gratings Array for High-Performance Distributed Acoustic Sensing (Invited) | Simultaneous Distributed Acoustic and Temperature Sensing for Robust Leakage Detection in Gas Pipelines | Review of Fiber Optic Sensing Technologies for Leak Detection in Hydrogen Energy Storage and Transport Equipment,5.14166355650266,0.5891519728108066,1.6354307262462942
40,"carbonation, mgo, air, calcium, ca, removal",75,ccus_methane,1.0,2019,1.0055218656020977,-0.29213642280116137,0.7333333333333333,0.48000001907348633,0.014666667208075523,,1.0,2.6200877982794646,0.06451612903225806,0.030033370411568408,"Oak Ridge National Laboratory; Instituto Nacional del Carbón; Queens College, CUNY",US:27; GB:10; CA:8; AU:6,0 0 1 0 4 4 4 7 11 14 13 26,Life cycle assessment of solid calcium-looping direct air capture and its synergistic dual use for net-negative cement | Reducing indoor CO2 levels in office buildings via CCUS: An LCA perspective for energy and emission reduction | Reducing emissions of cement manufacturing using calcium-looping direct air capture,4.31748811353631,0.39788380754085556,-0.06217748188953007
72,"soot, pyrolysis, soot formation, formation, methane pyrolysis, methane",39,hydrogen,1.0,2018,1.0498221244986778,-0.9932517730102837,0.6153846153846154,0.49166664481163025,0.0,,1.0,2.348074714518366,0.0,-0.25,Joint Institute for High Temperatures; Karlsruhe Institute of Technology; Semenov Institute of Chemical Physics,RU:8; DE:7; US:5; CN:4,1 2 1 4 1 0 3 3 5 8 4 10,"Reactive Molecular Dynamics Insights into Hydrogen and Carbon Coproduction during Methane and Propane Pyrolysis | A Gas-Phase Reaction Kinetic Study on Three Methane-to-Hydrogen Technologies: Methane Pyrolysis, Dry Methane Reforming, and Steam Methane Reforming | Non-catalytic methane pyrolysis: Influence of reactor temperature on the yields of hydrogen, acetylene, and carbon nanoparticles and its turbostratic structure",3.6635616461296463,0.3825525020413111,-0.802646071071001
6,"microalgae, algae, algal, cultivation, biofuel, carbon",40,ccus_methane,0.9,2021,0.6061358035703155,0.02020270731751972,0.625,0.3919999599456787,0.13750000298023224,,1.0,2.8868832792528236,0.06451612903225806,0.016897081413210446,Georgia Institute of Technology; National Cheng Kung University; University of Calgary,US:10; IN:5; CA:4; AU:3,1 1 1 0 2 2 5 3 4 6 9 9,Hunting for Extremophiles: A Systematic Screening of Freshwater Microalgae for Tolerance to High-pH and High-Alkalinity Cultivation | Demonstration of direct air capture of CO2 using microalgae raceway reactors | Microalgae-based direct air capture systems for carbon dioxide emission reductions in developing megacities: A techno-economic and policy analysis,3.6888794541139363,0.37364580572185285,-1.419152347763164
45,"solvent, absorption, mea, mdea, co2 capture, capture",34,ccus_methane,0.9705882352941176,2015,1.1526795099383853,-0.42608439531090014,0.5294117647058824,0.38333332538604736,0.06176470220088959,0.02740687131881714,1.0,2.408172930563396,0.0,-0.058823529411764705,Clean Energy (United States); ION Engineering (United States); Electric Power Research Institute,US:11; GB:7; MY:4; IR:3,4 2 3 1 2 1 0 3 3 6 7 3,Dynamic operation with non-aqueous solvent at Technology Centre Mongstad for natural gas combined cycle post-combustion CO2 capture | Dynamic operation of a bench-scale CO2 capture system with non-aqueous and monoethanolamine solvents in process-intensified equipment | Biphasic solvents for post-combustion CO2 capture from natural gas flue Gas,3.5263605246161616,0.3227740290888431,-0.8214250170324491
41,"ammonia, nitrogen, aor, reaction, nrr, electrochemical",143,hydrogen,0.9090909090909091,2017,0.8700778887190236,0.5495654520819215,0.6573426573426573,0.4404255151748657,0.14685314893722534,0.012404799461364746,1.0,2.6784372720232623,0.28368794326241137,-0.08554282596835788,Korea Institute of Science and Technology; Jilin University; Soochow University,CN:64; KR:21; US:21; AU:12,1 1 3 3 4 10 14 13 20 19 32 34,Ammonia splitting with electrode alternating for durable hydrogen production | Direct electrochemical liquid ammonia splitting for onsite hydrogen generation under room temperature | Boosting the Electroreduction of Nitrate to Ammonia in a PEM Electrolyzer with Polymer-Modified Ru Nanoparticles,4.962844630259907,0.251856759179641,0.5346909448933995
29,"mofs, adsorption, organic, mof, metal organic, frameworks",260,ccus_methane,0.8538461538461538,2015,1.1526795099383855,-0.3671462438060282,0.6846153846153846,0.5196629166603088,0.1273076832294464,0.011537671089172363,1.0,2.747576149733568,0.22916666666666666,0.012671821305841907,Oak Ridge National Laboratory; University of Chinese Academy of Sciences; National Energy Technology Laboratory,US:90; CN:76; GB:19; KR:15,9 12 1 3 12 13 14 18 27 47 56 72,Fast and selective CO2 capture from outdoor air by covalent organic frameworks | A comprehensive review of metal–organic frameworks (MOFs) applications as sorbents and membranes for carbon capture through direct air capture (DAC) technology | A comprehensive review on development of framework- (MOF/COF/POP) based materials for catalytic conversion of carbon dioxide from dilute/flue gas sources to high-value chemicals,5.560681631015528,0.14373587292050138,1.6833006782733055
44,"absorption, solvents, ionic, co2, capture, ionic liquids",93,ccus_methane,0.9354838709677419,2016,1.080912711568709,-0.9824305343786999,0.6881720430107527,0.4390625059604645,0.0741935521364212,0.02025747299194336,1.0,3.232947235039539,0.09210526315789473,0.03496240601503759,Universiti Teknologi Petronas; Teesside University; Tokyo Metropolitan University,US:16; CN:9; GB:9; AU:7,2 3 1 2 5 5 6 5 12 24 17 16,A Novel Biphasic Absorbent for Liquid–Solid Phase Separation Induced by Nanoparticle Polarity Difference and Application in DAC | Proof of concept for direct air capture using encapsulated ionic liquid technology | Natural gas purification with complete CO2 capture using ionic liquids: Process optimization and multi-criteria evaluation,4.532599493153256,0.09720748402884184,0.3127280341832564
56,"amine, pei, sorbents, adsorption, capture, silica",225,ccus_methane,1.0,2015,1.5960148921019597,-0.5320561427850254,0.7688888888888888,0.49768784642219543,0.0008888888987712562,0.014136135578155518,1.0,2.441794959137869,0.21973094170403587,0.10032795662940901,Georgia Institute of Technology; Lawrence Livermore National Laboratory; Shanghai Jiao Tong University,US:103; CN:57; GB:16; KR:15,3 3 2 3 7 11 9 14 37 57 51 42,EGDE-induced crosslinking of PEI@D500 adsorbents for direct air capture: Enhanced hydrothermal and oxidative stability | Next generation solid amine sorbents for scalable direct air capture of carbon dioxide | Epoxide-Modified Diethylenetriamine for Ambient-Temperature Direct Air Capture,5.41610040220442,0.039253648066168156,2.1524534652289775
38,"membrane, membranes, separation, co2, gas separation, capture",62,ccus_methane,0.8870967741935484,2016,0.826678573184468,-1.1394342831883648,0.5161290322580645,0.4375,0.12580645084381104,0.021664440631866455,1.0,2.9720847015565135,0.08333333333333333,-0.04166666666666667,The Ohio State University; Silesian University of Technology; Universiti Teknologi Petronas,US:11; CN:7; JP:7; PL:6,2 3 3 3 3 5 3 8 7 14 8 4,Unveiling Advances in Membrane Materials for CO 2 Separation and Direct Air Capture (DAC): From Membrane Design to Applications | Multilevel optimization for integrated CO2 capture systems under techno-policy transitions | Zeolite Membranes for Gas Separation: Recent Advances and Challenges,4.127134385045092,-0.12455589692697416,-0.5576169470743879
54,"dac, capture, air, direct air, air capture, direct",475,ccus_methane,0.9831578947368421,2015,1.4081134085145304,-0.07775356877455408,0.7115789473684211,0.47633135318756104,0.027578948065638542,0.011738896369934082,1.0,3.051555335488318,0.05813953488372093,0.020096056622851362,Imperial College London; Pacific Northwest National Laboratory; Joint Global Change Research Institute,US:163; GB:65; DE:45; CA:41,3 5 8 4 17 13 35 52 74 93 108 94,Weather-dependent direct air capture process modeling for techno-economic assessments | Control strategies to optimize adsorption-based direct air capture under varying weather conditions | Geospatial techno-economic and life cycle assessment of renewable-powered direct air capture in Middle East and North Africa,6.163314804034641,-0.19546422092895832,2.7981570915408254
10,"embrittlement, hydrogen embrittlement, pipeline steel, steel, hydrogen, pipeline",242,hydrogen,0.9917355371900827,2015,1.3099213823353166,0.17939543912456601,0.6859504132231405,0.48975905776023865,0.014049585908651352,0.005461335182189941,0.9173553719008265,2.4342000833147233,0.4716981132075472,0.10503144654088054,"China University of Petroleum, East China; Zhejiang University; Tianjin University",CN:133; US:18; CA:18; JP:15,4 8 7 7 5 15 11 19 25 36 62 64,Investigation on hydrogen embrittlement behaviour of X65 steel base metal and girth weld metal under in-situ hydrogen environment | Review: hydrogen embrittlement in hydrogen pipeline | Comparison of hydrogen embrittlement behavior of X52 and X65 steels in low-pressure gaseous hydrogen environments,5.488937726156687,-0.33334701041246906,1.8245035474362266
7,"wang, methanol, radical, methane, cations, growth",62,lng_gaschem,0.7419354838709677,2016,0.6931471805599453,0.11778303565638382,0.43548387096774194,0.2888889014720917,0.2596774399280548,0.02685701847076416,1.0,2.929695382819361,0.14,0.05489361702127661,Biotechnology Institute; Konkuk University; Kyung Hee University,US:21; CN:11; KR:9; IN:5,2 7 3 8 3 6 1 5 11 7 5 6,Exploring the potential of nanobubble technology integration with natural polymer κ-carrageenan-immobilized Methylosinus trichosporium OB3b: A review of methane-to-methanol conversion | Integrative analysis of endogenous phytohormones and transcriptomics reveals mechanism of light-induced callus formation in tea (Camellia sinensis) cuttings | Methanol-specific methyltransferase isozymes have large carbon kinetic isotope effects that impact methane isotopic signatures,4.127134385045092,-0.4104213457333177,-0.7525416006191408
37,"membrane, membranes, hollow fiber, hollow, co2 capture, fiber membrane",41,ccus_methane,0.9024390243902439,2017,0.3483066942682158,-0.18232155679395468,0.34146341463414637,0.3857143223285675,0.08536585420370102,0.019356846809387207,1.0,2.8061662461709678,0.2222222222222222,0.048309178743961345,Nanjing Tech University; The Ohio State University; Membrane Technology & Research (United States),US:13; CN:12; IT:3; KR:3,1 2 7 2 5 2 2 6 4 5 5 0,Advanced CO2 capture: Hydrophobic PVDF membranes integrated with stearic-acid modified ZnO nanohybrids | Enhanced CO2 capture using amine-based extractants in liquid-liquid hollow fiber membrane contactors for direct ocean capture | Highly scalable honeycomb-like aminated PVDF-g-PEI hollow fiber membranes for direct air capture of CO2,3.713572066704308,-0.42757056088729717,-1.7651202552317415
24,"inspection, pipeline, bending, line inspection, line, strain",48,pipelines,1.0,2015,0.526093095896779,1.0577902941478547,0.4583333333333333,0.34545454382896423,0.010416666977107525,0.032407402992248535,1.0,1.9181723086990765,0.4,-0.15000000000000002,"Beihang University; China University of Petroleum, Beijing; Institute of Disaster Prevention",CN:21; RU:5; KR:4; IN:3,3 2 1 6 4 4 2 4 7 4 8 4,Challenges and Advancements in Offshore Pipelines In-Line Inspection (ILI) and Pigging: A Comprehensive Review | Sensor-Based Tracking and Localization of In-Line Inspection Tools in Oil and Gas Pipelines: A Review | Elbow identification method for buried oil and gas pipelines based on IMU attitude data,3.871201010907891,-0.6828369644744294,-1.3115154770197044
25,"inspection, mfl, defect, magnetic, detection, defects",110,pipelines,0.9818181818181818,2016,0.8544153281560675,0.7339691750802002,0.5727272727272728,0.3936508297920227,0.027272727340459824,0.017739176750183105,1.0,1.930550948891436,0.5652173913043478,0.06521739130434778,"Shenyang University of Technology; China University of Petroleum, Beijing; Northeastern University",CN:61; US:9; CA:9; JP:5,2 7 2 6 5 5 7 13 14 11 19 28,A Review of Eddy Current In-Line Inspection Technology for Oil and Gas Pipelines | Development of Pulsed Eddy Current Nondestructive Testing: A Review | Cross-attention conditional diffusion for magnetic flux leakage signal synthesis and pipeline defect uncertainty analysis,4.700480365792417,-0.7312478739561371,0.1887954116039985
21,"corrosion, pipeline, prediction, pipelines, failure, inspection",223,pipelines,1.0,2015,0.8735288725360735,0.5537678180529997,0.5650224215246636,0.4341270327568054,0.025560537353157997,0.017966151237487793,0.9461883408071748,2.567743798608071,0.39869281045751637,0.10166310748721935,"Southwest Petroleum University; China University of Petroleum, Beijing; Universiti Teknologi Petronas",CN:91; CA:30; US:28; MY:15,14 5 7 13 14 8 18 18 30 27 43 39,"Application and interpretability of a hybrid-enhanced XGBoost model for corrosion-rate prediction in alkylation unit piping | A comprehensive review of corrosion in oil and gas pipelines: mechanisms, mitigation strategies, and future directions | Dynamic risk assessment framework for offshore pipelines corrosion under insulation",5.407171771460119,-0.8386439984886109,1.0867993423033415
68,"fischer, tropsch, fischer tropsch, catalyst, catalysts, fts",164,lng_gaschem,0.9878048780487805,2015,0.3468709438421115,1.084709383499118,0.3719512195121951,0.33934423327445984,0.046341463923454285,0.006607413291931152,1.0,3.1371910633211315,0.10256410256410256,-0.03176425564485266,Alliance for Safe Kids; Chinese Academy of Sciences; Texas A&M University at Qatar,US:30; CN:26; KR:20; RU:15,10 13 13 16 7 17 14 13 24 12 19 9,"Recent Advances in Fischer–Tropsch Synthesis: Catalyst Design, Reaction Mechanisms, and Process Engineering | Fischer–tropsch synthesis in a three-phase slurry reactor: Fe/HAp versus commercial Nanocat® for liquid hydrocarbon production | Fischer–Tropsch tail gas oligomerization to synthetic kerosene: Impact of low concentration of carbonyl compounds",5.099866427824199,-0.9941312359913027,-0.06036310374186382
42,"direct air, air capture, direct, air, capture, assessment",192,ccus_methane,1.0,2015,1.2039728043259361,-0.8232003088081434,0.6614583333333334,0.4133857786655426,0.0026041667442768812,0.009657800197601318,1.0,2.745581802982467,0.0898876404494382,0.032195332757130504,Imperial College London; Oak Ridge National Laboratory; Georgia Institute of Technology,US:62; GB:20; DE:20; CN:19,3 2 6 5 7 4 16 22 17 40 40 45,"Accelerating widespread adoption of direct air capture based on system perspective: Thermodynamic limits, geographical deployment, and clean energy integration | Solar-driven integrated device for simultaneous direct air capture and atmospheric water harvesting | A comparative assessment of the economic viability of nuclear-integrated direct air capture systems",5.2574953720277815,-1.089051220222629,1.3848836236955178
22,"corrosion, pipeline, pipeline corrosion, steel, pipelines, coatings",158,pipelines,0.9683544303797469,2015,0.5787368293822011,-0.05835961518558275,0.5253164556962026,0.37710845470428467,0.08101266622543335,0.008060216903686523,1.0,2.8897808730275534,0.30337078651685395,0.017656500802568253,"China University of Petroleum, East China; Ohio University; Sinopec (China)",CN:47; US:15; NG:14; MY:8,15 4 4 10 14 9 11 8 12 20 31 30,Surface chemistry of carbon steel in contact with CO2 streams containing impurities | A Mechanistic Model for Predicting Top‐of‐the‐Line Corrosion in CO 2 /H 2 S Environments: Validation and Field Application | Corrosion behavior and mechanism of 316SS and Hastelloy C276 in supercritical water containing ammonia and ethanol,5.062595033026967,-1.260938110596466,0.232217132772842
19,"scc, stress corrosion, stress, corrosion cracking, steel, cracking",52,hydrogen,0.6923076923076923,2015,-0.11778303565638351,-0.040821994520255034,0.3269230769230769,0.3705882132053375,0.39038461446762085,0.014745473861694336,1.0,1.882790535022674,0.5333333333333333,0.12708333333333333,Mexican Institute of Petroleum; University of Science and Technology Beijing; National Academy of Sciences of Ukraine,CN:21; UA:7; MX:6; IT:2,5 3 3 5 3 7 5 4 2 4 7 6,"Liquid ammonia-induced stress corrosion cracking of steels: A comprehensive review of mechanism, metallurgical and environmental factors, testing protocols, and mitigation challenges | Electrochemical and stress corrosion behaviors of low-alloy high-strength steel in the soil environment of Western China | Unravelling corrosion mechanisms of X80 pipeline steel in ammonia environment with chloride and oxygen",3.9512437185814275,-1.3916013962846612,-2.1528729653178793
52,"figure, methanol, oxidation, gdy, reaction, catalysts",95,lng_gaschem,0.8105263157894737,2015,-0.21622310846963608,1.252762968495368,0.3368421052631579,0.29374998807907104,0.2515789568424225,0.011428773403167725,1.0,2.670895635982498,0.2972972972972973,-0.03991200502828407,Chinese Academy of Sciences; University of Chinese Academy of Sciences; Dalian Institute of Chemical Physics,CN:40; US:18; GB:6; RU:6,7 2 7 4 9 13 11 10 8 5 13 9,"Constructing Cuδ–Ov–Al(M) interfacial sites over Cu/MAl2O4 (M = Zn, Mg, Co, Ni) catalysts towards enhanced methanol steam reforming | Multiscale spatiotemporal heterogeneity of zeolite-catalyzed methanol-to-hydrocarbons reaction | Sub-Nanometer Nanoclusters of Copper Atop Single-Atom Copper Moieties toward Electrochemical CO 2 Hydrogenation to Methane",4.553876891600541,-1.4837276711960963,-1.5545899204233358
8,"srb, corrosion, bacteria, microbial, mic, reducing bacteria",68,pipelines,0.7941176470588235,2015,0.13353139262452257,0.35667494393873267,0.47058823529411764,0.3062500059604645,0.23823533952236176,0.014877498149871826,1.0,2.340142852105191,0.5609756097560976,0.2882483370288249,Liaoning Shihua University; Chinese Academy of Sciences; Sinopec (China),CN:35; US:9; CA:6; NL:4,3 4 4 3 7 1 10 4 6 6 9 16,Residual magnetic fields from magnetic flux leaking detection accelerate microbiologically influenced corrosion of X80 pipeline steel induced by Desulfovibrio desulfuricans in sea mud environment | Influence of Cathodic Protection on Microbiologically Corrosion Behavior of Pipeline Steel in Marine Environments | Overlooked risks in hydrogen transport: Hydrogen permeation drives microbial activity and accelerates corrosion,4.219507705176107,-1.532287688156733,-1.4557167904780566
46,"photocatalytic, light, tio2, c3n4, figure, ru",87,hydrogen,0.9310344827586207,2018,0.4754236967150748,-1.0453677741492973,0.5632183908045977,0.4326530694961548,0.08275862038135529,0.016755402088165283,1.0,2.3361171366793423,0.35064935064935066,-0.21185064935064934,Chinese Academy of Sciences; University of Chinese Academy of Sciences; Zhengzhou University,CN:54; US:16; IN:7; AU:4,1 1 1 3 3 5 12 12 5 15 14 22,Spatially Engineered Dual S‐Scheme Heterojunctions with Significantly Enhanced Space Charge Separation for Boosting Artificial Photosynthetic Nitrogen Fixation | Universal single-atom-enhanced catalyst for photocatalytic hydrogen production from water and ammonia | Light-driven dinitrogen activation and reduction: from fundamental principles to catalyst design,4.465908118654584,-1.5664017430189987,-0.6532572456523252
14,"distributed, fiber, optic, sensing, fiber optic, distributed fiber",30,pipelines,1.0,2019,0.4855078157817008,0.1177830356563836,0.5666666666666667,0.34705883264541626,0.006666666828095913,,1.0,1.0851924271064406,0.7222222222222222,0.05555555555555558,Dalian University of Technology; Nanjing University; Xi'an University of Technology,CN:21; US:4; DK:1; IL:1,0 0 0 2 3 1 1 6 2 3 5 10,"Triple-duty distributed acoustic sensing in urban environments: Concurrent subsurface imaging, pipeline diagnostics, and traffic surveillance | Surface Deformation Evolution Induced by Buried Pipeline Leakage and Distributed Fiber-Optic Identification of Multiple Anomalies in Loess Areas | Multitask Distributed Optic Sensor for Leak Diagnosis in Pipelines",3.4011973816621555,-1.7065736009002022,-1.9494450460429624
32,"power, capture, ngcc, plant, co2 capture, co2",77,ccus_methane,0.974025974025974,2015,0.4567584024957149,-0.9402439728966479,0.38961038961038963,0.3133333623409271,0.05064935237169266,0.00974726676940918,1.0,3.0113901888239907,0.03333333333333333,-0.06502732240437159,Politecnico di Milano; SINTEF; University of Edinburgh,US:12; IT:10; GB:10; CN:7,6 7 6 5 3 9 4 7 5 12 10 4,"Comparative Assessment of Post-Combustion CO2 Capture Processes: Chilled Ammonia and Amine Scrubbing Technologies Applied to Natural Gas Compression Stations | Optimal Design and Techno-Economic Analysis of 3D-Printed, Intensified Packings for Absorbers and Strippers in Solvent-Based CO2 Capture | Methodology shapes the greenhouse gas mitigation potential of post-combustion CO2 capture: Insights from evaluation metrics and sensitivity analysis",4.343805421853684,-1.967558575706011,-0.830841231583924
0,"hydrate, hydrate formation, hydrates, gas hydrate, formation, gas",109,ccus_methane,0.44036697247706424,2015,0.13353139262452277,-0.9932517730102828,0.4036697247706422,0.331818163394928,0.3165138065814972,0.012502551078796387,1.0,2.924140115505808,0.23214285714285715,-0.011100386100386106,"China University of Petroleum, Beijing; Universidade Federal do Rio de Janeiro; Southwest Petroleum University",CN:31; KR:9; BR:9; US:9,7 8 2 6 11 7 14 10 9 17 11 10,"Inhibition performance and mechanisms of methane hydrate inhibitors in oil and gas pipelines | Recent advances in supersonic CO2 separation: Flow physics, modeling, and separation mechanisms | Multi-objective optimization of a supersonic condensation and deposition chamber for cleaner dehydration in CO2 pipeline transport",4.6913478822291435,-2.0596470697565756,-0.8747710332794152
58,"methanol, methanol production, production, methanol synthesis, economic, coke",71,lng_gaschem,0.7323943661971831,2017,-0.2876820724517809,-0.395312736644146,0.4084507042253521,0.2620689570903778,0.4239436686038971,0.018310487270355225,1.0,3.0567868083254304,0.07142857142857142,-0.06190476190476191,King Fahd University of Petroleum and Minerals; Technische Universität Berlin; Shiraz University,CN:9; US:9; SA:7; KR:7,2 0 4 4 7 8 10 7 2 6 10 16,"An innovative green methanol synthesis through natural gas–biogas integration and post-combustion CO₂ capture; An integrated 4E evaluation, life cycle assessment and machine learning-driven multi-objective optimization | Full-process modelling and 4E analysis of an off-grid offshore green methanol production system for an energy island | Techno-Economic and Life Cycle Assessment of Mixotrophic Bio-Isopropanol Production",4.2626798770413155,-2.077414928473306,-2.0174350418431715
27,"chemical looping, looping, chemical, looping combustion, oxygen carrier, reforming",61,ccus_methane,0.5737704918032787,2016,-0.16251892949777494,-0.18232155679395468,0.2786885245901639,0.34705883264541626,0.41475409269332886,0.026065826416015625,0.8524590163934426,2.3590072642508977,0.5625,0.4375,The Ohio State University; Instituto de Carboquímica; Xi'an Jiaotong University,CN:15; US:14; ES:7; NO:5,2 8 5 4 9 5 3 8 5 5 4 4,A Comprehensive Review of Chemical Looping Processes: From Fundamentals to Applications | Mg-Induced Oxygen Vacancy Engineering Enables CH4-Fueled Chemical Looping Combustion | 3‐Reactor Chemical Looping System for Point Source CO 2 Capture and Subsequent Conversion for Liquid Fuel Production,4.110873864173311,-2.120034027190968,-2.021634831791797
4,"isotope, hydrocarbon, isotopic, turquoise, pyrolysis, kerogen",55,hydrogen,0.9636363636363636,2017,-0.05129329438755058,0.5877866649021193,0.4,0.25909093022346497,0.22727274894714355,0.020350277423858643,1.0,2.046499041480909,0.45454545454545453,0.039911308203991136,Chinese Academy of Sciences; Research Institute of Petroleum Exploration and Development; Planetary Science Institute,CN:27; US:9; DE:7; GB:4,1 2 4 3 3 8 6 6 8 4 4 9,"Estimation of the methane-generating capacity of fossil organic matter | Hydrocarbon generation and expulsion characteristics of marine mudstones under high-pressure pyrolysis and their significance on oil and gas exploration in the Qiongdongnan Basin, Northern South China Sea | Nanoscale carbon structure of high-maturity coal-bearing source rocks and its controls on methane generation and enrichment: A case study of the Daning-Jixian block, Ordos Basin",4.007333185232471,-2.127514219655353,-1.9867541995529892
9,"leak, leak detection, gas pipeline, detection, gas pipelines, pipeline",123,pipelines,0.943089430894309,2015,0.49783842823917945,0.49643688631389127,0.5528455284552846,0.35147061944007874,0.07154472172260284,0.018910765647888184,1.0,1.5269753681976703,0.7605633802816901,0.18679288847841147,"China University of Petroleum, Beijing; China University of Petroleum, East China; Tongji University",CN:89; US:10; GB:4; SG:3,7 4 2 4 7 8 13 10 13 13 22 30,Hydrogen blended natural gas pipeline leakage detection method based on deep learning and multi-domain acoustic features | Infrared imaging-based early warning method for pipeline micro-leakage risks in hydrogen-blended natural gas station | A digital twin-driven natural gas pipeline leakage detection method,4.812184355372417,-2.1385260405916364,-0.19418983039069504
17,"leakage, leak, acoustic, detection, leak detection, vmd",33,pipelines,1.0,2015,0.3483066942682158,-0.2513144282809061,0.5151515151515151,0.39411765336990356,0.012121212668716908,0.029165446758270264,1.0,0.6848735471085738,0.8333333333333334,-0.023809523809523725,"China University of Petroleum, Beijing; Changzhou University; Jiangsu Province Special Equipment Safety Supervision and Inspection Institute",CN:27; IR:1; RU:1; MY:1,3 2 0 0 2 4 3 2 3 5 6 4,Echo- and Image-Domain Fusion for Micro-Leak Detection and Localization in Subsea Gas Pipelines | Small leak detection of gas pipelines with Φ-OTDR using an improved MobileNetV3-BiLSTM network | Variation Law of Infrasound Leakage Sound Source of Urban PE Gas Pipeline,3.4965075614664802,-2.1775125266684356,-2.0323774950537836
15,"leak, detection, leak detection, pipeline, leaks, gas pipeline",33,pipelines,1.0,2015,0.0,-0.5108256237659905,0.30303030303030304,0.2900000214576721,0.009090909734368324,0.01733255386352539,0.9393939393939394,2.5676593624897297,0.14285714285714285,0.042857142857142844,Texas A&M University; Texas Tech University; Federal University of Technology Owerri,US:5; NG:4; CN:3; SA:2,4 2 4 0 4 3 3 3 2 4 4 0,Dynamics and Speed Control of Instrumented Pipeline Inspection Gauge in Gas Pipelines | Leak Detection and Location by Hydraulic Gradient Profiles in Liquefied Petroleum Gas Pipeline | Application of an adaptive observer for the detection and location of pipeline leak,3.4965075614664802,-2.489334825103906,-2.5408239387934977
43,"borane, ammonia borane, hydrolysis, ab, hydrogen, hydrolysis ammonia",58,hydrogen,1.0,2018,0.21357410029805926,-1.5463797764669633,0.5172413793103449,0.46666663885116577,0.0017241379246115685,0.01660454273223877,1.0,1.4361377158805313,0.6551724137931034,0.03752535496957399,Sichuan Normal University; Zhengzhou University; Henan University of Science and Technology,CN:40; TR:7; ES:3; JP:3,2 2 0 3 6 7 5 3 3 12 8 10,Enhanced metal-support interaction in catalytic nanoreactor for hydrogen generation from ammonia borane hydrolysis | Development of Rhodium-Based Catalyst for Ammonia Borane Dehydrogenation | Progress in Cu-based nanocatalysts for hydrogen generation from ammonia borane: A cost-effective and promising approach,4.060443010546419,-2.604726569555228,-1.534719017422275
3,"storage, co2, co2 storage, saline, injection, aquifers",868,ccus_methane,0.9723502304147466,2015,0.9579897610419035,-0.28632245293574066,0.5564516129032258,0.43457555770874023,0.03018433228135109,0.003920197486877441,0.7972350230414746,3.1790496294822908,0.22815533980582525,0.09494708464635057,"China University of Petroleum, East China; China University of Petroleum, Beijing; State Key Laboratory of Oil and Gas Reservoir Geology and Exploitation",CN:212; US:188; GB:84; AU:67,44 38 43 37 48 41 63 71 79 139 183 123,"Mechanistic investigation of CO2-foam stability: implications to CO2 storage and enhanced oil recovery | Engineering perspectives on salt-induced transport limitation in saline aquifers: implications for long-term CO2 storage security | Thermophysical, multiphase-flow, geochemical, and microbial controls on combined H2–CO2 storage in depleted gas reservoirs and saline aquifers",6.7661917146603505,-2.7332807098729637,2.8833643339029487
5,"methane, emissions, methane emissions, oil gas, oil, emission",874,ccus_methane,0.9221967963386728,2015,0.9248430136894723,-0.04499065268206337,0.5869565217391305,0.3914230167865753,0.08295194804668427,0.007500827312469482,0.8981693363844394,2.536292167447264,0.10814606741573034,0.06258251825505887,Environmental Defense Fund; Colorado State University; Harvard University,US:435; CA:131; CN:96; GB:74,28 29 26 29 36 53 71 89 130 138 140 158,Surveying methane point-source super-emissions across oil and gas basins with MethaneSAT | Assessment of methane emissions from US onshore oil and gas production using MethaneAIR measurements | Duration of super-emitting oil and gas methane sources,6.773080375655535,-2.9512473743251126,2.8434593774863575
33,"co2 capture, power, combined cycle, power plant, gas combined, capture",117,ccus_methane,0.9829059829059829,2015,0.03174869831458027,-0.7731898882334818,0.27350427350427353,0.2187499850988388,0.07264957576990128,0.010864734649658203,1.0,2.7901214704275628,0.21428571428571427,0.1085164835164835,University of Sheffield; Instituto Nacional de Electricidad y Energías Limpias; Norwegian University of Science and Technology,GB:27; US:26; CN:20; MX:11,13 12 9 8 14 3 11 15 5 12 12 4,Integration of dry-sorbent CO2 capture process with natural gas combined cycle: Economic and environmental analyses | Techno-economic analysis of NGCC power plant with monoethanolamine based CO2 capture process: Exploring operational independent integration alternatives | Performance analysis of absorber intercooling for a CO2 capture plant integrated with the natural gas combined cycle,4.762173934797756,-3.8217943991722594,-0.9361465433169471
49,"ccs, capture storage, storage, carbon capture, ccus, carbon",42,ccus_methane,0.9523809523809523,2017,-0.15415067982725822,-2.505525936990736,0.2857142857142857,0.2916666865348816,0.08809523284435272,0.04678088426589966,1.0,2.624317899221019,0.13333333333333333,0.04822695035460993,National University of Singapore; Imperial College London; Chinese University of Hong Kong,US:17; GB:7; CN:6; SG:3,1 1 4 2 5 1 5 11 0 6 3 4,"Carbon capture, utilization and storage (CCUS): From technology advances to carbon neutrality pathways in energy and industrial sectors | Dynamic carbon tracking navigation for mobile CO2 removal: advancing energy-efficient emission reduction in urban and industrial scenarios | Towards the integration of remote renewable energy hubs with CCUS chain for a future energy system: the Belgian case",3.7376696182833684,-3.891344002895137,-2.4689209678640216
23,"protection, cathodic, cathodic protection, corrosion, current, cp",386,pipelines,0.9818652849740933,2015,0.0,0.1943595353534331,0.36528497409326427,0.29716312885284424,0.025647668167948723,0.005082368850708008,0.8005181347150259,3.166569431853817,0.24113475177304963,0.016644955854682286,"University of Science and Technology Beijing; Deakin University; China University of Petroleum, Beijing",CN:78; US:34; CA:22; AU:16,35 32 29 23 35 35 36 20 38 33 35 52,Corrosion Behavior of Pipelines Influenced by Dynamic Stray Currents Derived from Underground Rail Infrastructure | Permissible Cathodic Polarization Levels for Underground Stainless Steel Structures in Cathodic Protection Systems | Non-destructive testing of underground pipelines corrosion protection,5.955837369464831,-4.2508026918186195,0.4871870000634442
69,"tropsch, fischer, fischer tropsch, liquid, reactor, synthesis",164,lng_gaschem,0.9817073170731707,2015,-0.7114963192281417,0.42566781542568366,0.18902439024390244,0.1870967596769333,0.060975611209869385,0.007420778274536133,1.0,3.224711359597746,0.1,0.0315068493150685,Karlsruhe Institute of Technology; Norwegian University of Science and Technology; University of Pittsburgh,US:31; CN:14; DE:12; GB:10,16 21 17 20 19 22 11 7 14 6 4 10,"Fischer-Tropsch in practice: History, state of the art, and future prospects | Yield Optimization of Power-to-Liquid Kerosene via Fischer-Tropsch Synthesis | Modeling the Intensified Fischer–Tropsch Synthesis for Localized Production of Liquid Fuels in Multiphase Packed-Bed Microreactors",5.099866427824199,-4.2686833434208165,-1.605332178221436
2,"lng, bog, floating, liquefied, liquefied natural, gas",773,lng_gaschem,0.8926261319534282,2015,0.18580588087656555,0.021918685707646546,0.3777490297542044,0.3119863271713257,0.11940491199493408,0.007080972194671631,0.6921086675291074,3.0945263856332192,0.28615384615384615,0.09954127008893743,"Shanghai Jiao Tong University; Seoul National University; China University of Petroleum, East China",CN:185; KR:128; US:50; GB:45,52 62 56 52 54 65 69 71 71 75 81 98,5E analysis and multiple-objective optimizations of LNG cold energy cascade utilization system based on liquid air energy storage and air separation unit integration | Assessment of the State and Development Trends of Centrifugal Compressors for Marine Power Plants | Energy-Efficient Helium Extraction and Boil-off Gas Recovery from Liquefied Natural Gas Based on Low-Temperature Pressure Swing Adsorption,6.650279048587422,-4.937553185155242,1.6134405371393716
18,"pipa, yang, dan, pada, pipe, transportasi",31,pipelines,1.0,2016,-1.5260563034950494,1.3862943611198906,0.06451612903225806,0.25,0.029032258316874504,,0.12903225806451613,0.1732052067491771,0.0,0.0,Bandung Islamic University; Nnamdi Azikiwe University; Indonesia University of Education,ID:23; NG:1,1 4 1 2 2 12 6 1 1 0 1 0,Pengendalian Korosi Pada Proyek Pembangunan Jaringan Pipa Gas Ruas Batang-Cirebon | Testing of the high- density polyethylene pipes for transporting the natural gas | IDENTIFICATION OF SOIL CORROSION POTENTIAL FOR PLANNING IN THE GAS PIPELINE CATHODIC PROTECTION SYSTEM,3.4339872044851463,-9.22929114916808,-4.845487007481312
